{"mean":{"confidence_interval":{"confidence_level":0.95,"lower_bound":0.002969242807149638,"upper_bound":0.012480212867772731},"point_estimate":0.007616030710103638,"standard_error":0.0023852864438349917},"median":{"confidence_interval":{"confidence_level":0.95,"lower_bound":-0.0006037773845554151,"upper_bound":0.0057393507932614884},"point_estimate":0.002266887028332887,"standard_error":0.0016539061314408314}}