{"mean":{"confidence_interval":{"confidence_level":0.95,"lower_bound":-0.20971340046520517,"upper_bound":-0.16967844008076316},"point_estimate":-0.190528083213372,"standard_error":0.010627910633314594},"median":{"confidence_interval":{"confidence_level":0.95,"lower_bound":-0.28602991530844724,"upper_bound":-0.08472384072841432},"point_estimate":-0.256452417942604,"standard_error":0.05702360795695765}}