{"mean":{"confidence_interval":{"confidence_level":0.95,"lower_bound":-0.01832463086441874,"upper_bound":-0.00007330821472713224},"point_estimate":-0.008500807220714224,"standard_error":0.004665803396104171},"median":{"confidence_interval":{"confidence_level":0.95,"lower_bound":-0.003615719143564622,"upper_bound":0.007915740448984687},"point_estimate":0.00033859133105851313,"standard_error":0.0029280551994815165}}