{"mean":{"confidence_interval":{"confidence_level":0.95,"lower_bound":0.020647190144960772,"upper_bound":0.030412496792738056},"point_estimate":0.025405446988976843,"standard_error":0.0025260081968456424},"median":{"confidence_interval":{"confidence_level":0.95,"lower_bound":0.014221459339710085,"upper_bound":0.024348728959514565},"point_estimate":0.017429954188370678,"standard_error":0.002372576751458641}}