{"mean":{"confidence_interval":{"confidence_level":0.95,"lower_bound":0.21349901357770226,"upper_bound":0.2329674851711115},"point_estimate":0.2233443594905653,"standard_error":0.0050389501441100845},"median":{"confidence_interval":{"confidence_level":0.95,"lower_bound":0.21397177758370797,"upper_bound":0.2300218217787613},"point_estimate":0.2233723449819267,"standard_error":0.0041239877136152545}}