{"mean":{"confidence_interval":{"confidence_level":0.95,"lower_bound":-0.024432902280552025,"upper_bound":-0.020596270615111444},"point_estimate":-0.022505506201092373,"standard_error":0.0009794537318383047},"median":{"confidence_interval":{"confidence_level":0.95,"lower_bound":-0.025361880669663606,"upper_bound":-0.0218570034318114},"point_estimate":-0.024143436213593716,"standard_error":0.0008856659401366026}}