{"mean":{"confidence_interval":{"confidence_level":0.95,"lower_bound":-0.02263094610209784,"upper_bound":0.017414862041615103},"point_estimate":-0.0036427689258412554,"standard_error":0.010195447427305554},"median":{"confidence_interval":{"confidence_level":0.95,"lower_bound":-0.02391559431197221,"upper_bound":-0.014312716518224411},"point_estimate":-0.018043435565692878,"standard_error":0.0025966937239067633}}