{"mean":{"confidence_interval":{"confidence_level":0.95,"lower_bound":0.09342415342262683,"upper_bound":0.1000340772491874},"point_estimate":0.09659176068963604,"standard_error":0.0016596232558480704},"median":{"confidence_interval":{"confidence_level":0.95,"lower_bound":0.09226439175244638,"upper_bound":0.09680323284589032},"point_estimate":0.0945752711400083,"standard_error":0.0010735891742301704}}