{"mean":{"confidence_interval":{"confidence_level":0.95,"lower_bound":-0.001255577568990854,"upper_bound":0.001740165139896282},"point_estimate":0.00018495740611434996,"standard_error":0.000760356727261656},"median":{"confidence_interval":{"confidence_level":0.95,"lower_bound":-0.001838720732381146,"upper_bound":0.0007582064826334722},"point_estimate":-0.00033494377558329624,"standard_error":0.0006520099174810094}}