{"mean":{"confidence_interval":{"confidence_level":0.95,"lower_bound":-0.02987463093662097,"upper_bound":-0.013861780580861753},"point_estimate":-0.021662083308035207,"standard_error":0.004066491457170718},"median":{"confidence_interval":{"confidence_level":0.95,"lower_bound":-0.027030729665859177,"upper_bound":-0.01211281242545681},"point_estimate":-0.019941697366176347,"standard_error":0.003907676020146579}}