{"mean":{"confidence_interval":{"confidence_level":0.95,"lower_bound":0.015669443046342574,"upper_bound":0.02848470318751728},"point_estimate":0.022011414271088103,"standard_error":0.0032660379318733565},"median":{"confidence_interval":{"confidence_level":0.95,"lower_bound":0.015602744413718339,"upper_bound":0.027599082604693015},"point_estimate":0.02187927877405116,"standard_error":0.0036795318497416297}}