{"mean":{"confidence_interval":{"confidence_level":0.95,"lower_bound":-0.25942988506852227,"upper_bound":-0.23864646112246643},"point_estimate":-0.2486311665586871,"standard_error":0.005314014686890371},"median":{"confidence_interval":{"confidence_level":0.95,"lower_bound":-0.2472428449361016,"upper_bound":-0.2297957999322714},"point_estimate":-0.23845425206903603,"standard_error":0.004339765341645486}}