{"mean":{"confidence_interval":{"confidence_level":0.95,"lower_bound":0.02990481705288605,"upper_bound":0.03788309230886528},"point_estimate":0.03384085534576675,"standard_error":0.002042124939240222},"median":{"confidence_interval":{"confidence_level":0.95,"lower_bound":0.029309102377331087,"upper_bound":0.03776032713032418},"point_estimate":0.03408219346935892,"standard_error":0.002148854472549532}}