{"mean":{"confidence_interval":{"confidence_level":0.95,"lower_bound":-0.019455759192749018,"upper_bound":0.0025418425647818757},"point_estimate":-0.008610760634791936,"standard_error":0.005651163924973815},"median":{"confidence_interval":{"confidence_level":0.95,"lower_bound":-0.02024038884777113,"upper_bound":-0.0018926411108247665},"point_estimate":-0.013672914660962432,"standard_error":0.004629517065832522}}