{"mean":{"confidence_interval":{"confidence_level":0.95,"lower_bound":-0.012277003956051,"upper_bound":0.0008510544404023435},"point_estimate":-0.006112092572905237,"standard_error":0.0033681482649162023},"median":{"confidence_interval":{"confidence_level":0.95,"lower_bound":-0.016087527124832635,"upper_bound":-0.006208558806080067},"point_estimate":-0.011410684375985691,"standard_error":0.002501777394574724}}