{"mean":{"confidence_interval":{"confidence_level":0.95,"lower_bound":-0.017596498052735964,"upper_bound":0.006892968710241182},"point_estimate":-0.0053458850210462705,"standard_error":0.006258855190600451},"median":{"confidence_interval":{"confidence_level":0.95,"lower_bound":-0.00449909039333396,"upper_bound":0.011592552862809358},"point_estimate":0.005369570075168362,"standard_error":0.004288243065979449}}