{"mean":{"confidence_interval":{"confidence_level":0.95,"lower_bound":0.0012466113410350315,"upper_bound":0.014639411805431065},"point_estimate":0.007753634585267788,"standard_error":0.003412308314711297},"median":{"confidence_interval":{"confidence_level":0.95,"lower_bound":-0.005007590651748939,"upper_bound":0.012649933480465725},"point_estimate":0.00273542270209437,"standard_error":0.0045832242650614245}}