{"mean":{"confidence_interval":{"confidence_level":0.95,"lower_bound":0.10749064229457188,"upper_bound":0.13315628089872697},"point_estimate":0.12124793846649906,"standard_error":0.006541002113805444},"median":{"confidence_interval":{"confidence_level":0.95,"lower_bound":0.12682417326659157,"upper_bound":0.137735565551087},"point_estimate":0.13335996777522663,"standard_error":0.0027196916606485877}}