{"mean":{"confidence_interval":{"confidence_level":0.95,"lower_bound":-0.10489799769597141,"upper_bound":-0.08373421910610163},"point_estimate":-0.09395366736458521,"standard_error":0.005396941845494115},"median":{"confidence_interval":{"confidence_level":0.95,"lower_bound":-0.08460274170534798,"upper_bound":-0.07736726511749015},"point_estimate":-0.08041718140330001,"standard_error":0.00184577895410688}}