{"mean":{"confidence_interval":{"confidence_level":0.95,"lower_bound":0.0028464394216593915,"upper_bound":0.029193893605550608},"point_estimate":0.016549457466643824,"standard_error":0.006737020789792469},"median":{"confidence_interval":{"confidence_level":0.95,"lower_bound":-0.001315083074600265,"upper_bound":0.030577535654799926},"point_estimate":0.014374881624598768,"standard_error":0.008182200136540752}}