{"mean":{"confidence_interval":{"confidence_level":0.95,"lower_bound":-0.0230690668425687,"upper_bound":0.020863568662496404},"point_estimate":-0.0005237330909571014,"standard_error":0.011142608635166373},"median":{"confidence_interval":{"confidence_level":0.95,"lower_bound":-0.00746220281174136,"upper_bound":0.026676054078609734},"point_estimate":0.015154762537036737,"standard_error":0.008858235348117006}}