{"mean":{"confidence_interval":{"confidence_level":0.95,"lower_bound":-0.3309999187236475,"upper_bound":-0.3183678537531771},"point_estimate":-0.32483753954413774,"standard_error":0.0032214277481573796},"median":{"confidence_interval":{"confidence_level":0.95,"lower_bound":-0.34010505285031917,"upper_bound":-0.32834395920155923},"point_estimate":-0.3365501572811228,"standard_error":0.002565296771323683}}