{"mean":{"confidence_interval":{"confidence_level":0.95,"lower_bound":-0.025222058348976388,"upper_bound":0.009724853908264386},"point_estimate":-0.00807326797139496,"standard_error":0.008888724387484278},"median":{"confidence_interval":{"confidence_level":0.95,"lower_bound":-0.020918054190158686,"upper_bound":-0.0023494934526074487},"point_estimate":-0.009689533954424068,"standard_error":0.004060550131772887}}