{"mean":{"confidence_interval":{"confidence_level":0.95,"lower_bound":-0.05035968591520573,"upper_bound":-0.022332038482030678},"point_estimate":-0.036303681406558375,"standard_error":0.007125843347867633},"median":{"confidence_interval":{"confidence_level":0.95,"lower_bound":-0.05169092396005126,"upper_bound":-0.033274389264104864},"point_estimate":-0.03976636801653932,"standard_error":0.005208130087319997}}