{"mean":{"confidence_interval":{"confidence_level":0.95,"lower_bound":0.08739192835944448,"upper_bound":0.20052096207581227},"point_estimate":0.14408075707243007,"standard_error":0.028759788801396336},"median":{"confidence_interval":{"confidence_level":0.95,"lower_bound":0.020190990863228286,"upper_bound":0.02414413603373422},"point_estimate":0.021591631405960543,"standard_error":0.0010249592190921721}}