{"mean":{"confidence_interval":{"confidence_level":0.95,"lower_bound":-0.0014875954864010904,"upper_bound":0.0044363849286740914},"point_estimate":0.0014029080156301443,"standard_error":0.0015070151906051233},"median":{"confidence_interval":{"confidence_level":0.95,"lower_bound":-0.004100663790354564,"upper_bound":0.002667760559038612},"point_estimate":-0.0007585082015936218,"standard_error":0.0017776494524935538}}