{"mean":{"confidence_interval":{"confidence_level":0.95,"lower_bound":-0.7020613261842156,"upper_bound":-0.6852656296953402},"point_estimate":-0.6931225744042486,"standard_error":0.004298180924972551},"median":{"confidence_interval":{"confidence_level":0.95,"lower_bound":-0.6919606342049982,"upper_bound":-0.6869806856227703},"point_estimate":-0.6901000376687256,"standard_error":0.001343053250162062}}