{"mean":{"confidence_interval":{"confidence_level":0.95,"lower_bound":-0.21664698759839737,"upper_bound":-0.2125061704354768},"point_estimate":-0.21461718789077733,"standard_error":0.0010581189062557092},"median":{"confidence_interval":{"confidence_level":0.95,"lower_bound":-0.21424214837592237,"upper_bound":-0.21091012301253143},"point_estimate":-0.2122686272654668,"standard_error":0.0008919270704067176}}