{"mean":{"confidence_interval":{"confidence_level":0.95,"lower_bound":-0.011828288356658367,"upper_bound":-0.004132606212148731},"point_estimate":-0.007850237353808853,"standard_error":0.0019583741942204515},"median":{"confidence_interval":{"confidence_level":0.95,"lower_bound":-0.011590243199679717,"upper_bound":-0.004299204362746556},"point_estimate":-0.00825844916887919,"standard_error":0.00184898022337595}}