{"mean":{"confidence_interval":{"confidence_level":0.95,"lower_bound":-0.014282776633837715,"upper_bound":-0.0072321203344258445},"point_estimate":-0.010801920427066403,"standard_error":0.001766969082309921},"median":{"confidence_interval":{"confidence_level":0.95,"lower_bound":-0.01601929397320767,"upper_bound":-0.008359653128739875},"point_estimate":-0.012481324076247802,"standard_error":0.0019195417199320164}}