{"mean":{"confidence_interval":{"confidence_level":0.95,"lower_bound":0.17119752378179412,"upper_bound":0.23663216144789215},"point_estimate":0.2055022793352259,"standard_error":0.01611232870255832},"median":{"confidence_interval":{"confidence_level":0.95,"lower_bound":0.14299387768376026,"upper_bound":0.14548039263260068},"point_estimate":0.1443621260552559,"standard_error":0.0005995888875309162}}