{"mean":{"confidence_interval":{"confidence_level":0.95,"lower_bound":0.0003278278335380253,"upper_bound":0.003435099592422091},"point_estimate":0.0017672884383488352,"standard_error":0.0007981322447659908},"median":{"confidence_interval":{"confidence_level":0.95,"lower_bound":-0.0023065712305812003,"upper_bound":0.0006783103278957814},"point_estimate":-0.0006047229175144553,"standard_error":0.0007515643103835827}}