{"mean":{"confidence_interval":{"confidence_level":0.95,"lower_bound":-0.008891603739182593,"upper_bound":0.009509767738087397},"point_estimate":0.0012219971967490917,"standard_error":0.004730848749270375},"median":{"confidence_interval":{"confidence_level":0.95,"lower_bound":-0.003350154637562275,"upper_bound":0.008261619117376773},"point_estimate":0.001513678018338016,"standard_error":0.003049044229107854}}