{"mean":{"confidence_interval":{"confidence_level":0.95,"lower_bound":237060.37502439407,"upper_bound":237869.0731683991},"point_estimate":237440.46400693746,"standard_error":206.7957665886345},"median":{"confidence_interval":{"confidence_level":0.95,"lower_bound":236592.33273056056,"upper_bound":236963.66666666666},"point_estimate":236769.7294117647,"standard_error":92.60016905546796},"median_abs_dev":{"confidence_interval":{"confidence_level":0.95,"lower_bound":686.4007904056606,"upper_bound":1129.1172430300662},"point_estimate":934.1140141853908,"standard_error":107.79289840135029},"slope":{"confidence_interval":{"confidence_level":0.95,"lower_bound":236733.15599813417,"upper_bound":237824.41506375323},"point_estimate":237219.20916211023,"standard_error":281.56448041557655},"std_dev":{"confidence_interval":{"confidence_level":0.95,"lower_bound":1407.8095049903325,"upper_bound":2668.3931142059128},"point_estimate":2084.916508023454,"standard_error":322.1900735276767}}