{"mean":{"confidence_interval":{"confidence_level":0.95,"lower_bound":0.007967084563309296,"upper_bound":0.008954070365741966},"point_estimate":0.008457838768747061,"standard_error":0.00025070398279758557},"median":{"confidence_interval":{"confidence_level":0.95,"lower_bound":0.00790399561362487,"upper_bound":0.008899516737899942},"point_estimate":0.008368188952117661,"standard_error":0.00026046535066694154}}