{"mean":{"confidence_interval":{"confidence_level":0.95,"lower_bound":-0.004084605974354375,"upper_bound":0.017038267386226335},"point_estimate":0.006449362978984796,"standard_error":0.005353483164750745},"median":{"confidence_interval":{"confidence_level":0.95,"lower_bound":-0.004417130136164404,"upper_bound":0.012059285978542222},"point_estimate":0.005100481138150759,"standard_error":0.004117891888007414}}