{"mean":{"confidence_interval":{"confidence_level":0.95,"lower_bound":0.005243552901010507,"upper_bound":0.010659329855012478},"point_estimate":0.007279606571942265,"standard_error":0.0013446662605254445},"median":{"confidence_interval":{"confidence_level":0.95,"lower_bound":0.004666849595440725,"upper_bound":0.005720388031829726},"point_estimate":0.005260957629091845,"standard_error":0.00027052912445396345}}