{"mean":{"confidence_interval":{"confidence_level":0.95,"lower_bound":0.004570292362723438,"upper_bound":0.006713065609752078},"point_estimate":0.005677989672770334,"standard_error":0.0005462323712713208},"median":{"confidence_interval":{"confidence_level":0.95,"lower_bound":0.006326946169769881,"upper_bound":0.008152995714411082},"point_estimate":0.007107220112014145,"standard_error":0.00048513333151658806}}