{"mean":{"confidence_interval":{"confidence_level":0.95,"lower_bound":-0.19650810672082283,"upper_bound":-0.18408146600552439},"point_estimate":-0.1898852441596922,"standard_error":0.0031791465240078374},"median":{"confidence_interval":{"confidence_level":0.95,"lower_bound":-0.1859364258965538,"upper_bound":-0.18021105633835166},"point_estimate":-0.18330903087803596,"standard_error":0.0014728649788773116}}