{"mean":{"confidence_interval":{"confidence_level":0.95,"lower_bound":0.5114670010298484,"upper_bound":0.5235594372723917},"point_estimate":0.5183183449627824,"standard_error":0.0030881053464417952},"median":{"confidence_interval":{"confidence_level":0.95,"lower_bound":0.5139172487445502,"upper_bound":0.5185765832904952},"point_estimate":0.5167791993993822,"standard_error":0.0011709393362188457}}