{"mean":{"confidence_interval":{"confidence_level":0.95,"lower_bound":-0.05579322117434629,"upper_bound":-0.048630132603142064},"point_estimate":-0.051677287544188544,"standard_error":0.0018461117506873037},"median":{"confidence_interval":{"confidence_level":0.95,"lower_bound":-0.052785282164566905,"upper_bound":-0.051045359044614935},"point_estimate":-0.051981693490611325,"standard_error":0.00045789016901036166}}