{"mean":{"confidence_interval":{"confidence_level":0.95,"lower_bound":-0.008080966402502832,"upper_bound":0.010737798847380048},"point_estimate":0.001268863436909795,"standard_error":0.004824330699070868},"median":{"confidence_interval":{"confidence_level":0.95,"lower_bound":-0.0006409158345402899,"upper_bound":0.02372090776292457},"point_estimate":0.013329850052466341,"standard_error":0.006238086084714623}}