{"mean":{"confidence_interval":{"confidence_level":0.95,"lower_bound":0.01856635020442854,"upper_bound":0.028533201292842092},"point_estimate":0.02342584737179343,"standard_error":0.0025441301149674296},"median":{"confidence_interval":{"confidence_level":0.95,"lower_bound":0.015059448543403464,"upper_bound":0.02453305130788675},"point_estimate":0.018352629967274936,"standard_error":0.002318169163077854}}