{"mean":{"confidence_interval":{"confidence_level":0.95,"lower_bound":-0.057080904201124896,"upper_bound":-0.027134427778178496},"point_estimate":-0.041939468106170996,"standard_error":0.0076579769393865646},"median":{"confidence_interval":{"confidence_level":0.95,"lower_bound":-0.022359865440968685,"upper_bound":0.0036967246782555474},"point_estimate":-0.009649785545312817,"standard_error":0.007316685020360956}}