{"mean":{"confidence_interval":{"confidence_level":0.95,"lower_bound":-0.017976130666584975,"upper_bound":0.0020855660565536503},"point_estimate":-0.008155083719505685,"standard_error":0.005062551749708921},"median":{"confidence_interval":{"confidence_level":0.95,"lower_bound":-0.0145423609162737,"upper_bound":-0.004936517478186464},"point_estimate":-0.009125502943784003,"standard_error":0.002322017024925343}}