{"mean":{"confidence_interval":{"confidence_level":0.95,"lower_bound":0.005246265232480845,"upper_bound":0.012873199405627771},"point_estimate":0.008556114269811177,"standard_error":0.0019975337186372245},"median":{"confidence_interval":{"confidence_level":0.95,"lower_bound":0.007591330102258986,"upper_bound":0.009241682698985919},"point_estimate":0.00840712552047318,"standard_error":0.00042073192628451814}}