{"mean":{"confidence_interval":{"confidence_level":0.95,"lower_bound":-0.003087782283952692,"upper_bound":0.026040605845361865},"point_estimate":0.01236337438499402,"standard_error":0.007441506745700134},"median":{"confidence_interval":{"confidence_level":0.95,"lower_bound":0.021911293592057124,"upper_bound":0.031735694841997786},"point_estimate":0.02780849739607527,"standard_error":0.002337416317718871}}