{"mean":{"confidence_interval":{"confidence_level":0.95,"lower_bound":0.3771714479043962,"upper_bound":0.3799522035202207},"point_estimate":0.37870350263640407,"standard_error":0.0007127485483750057},"median":{"confidence_interval":{"confidence_level":0.95,"lower_bound":0.37828168271797713,"upper_bound":0.37971660497523274},"point_estimate":0.37884756736499003,"standard_error":0.00036165873652175987}}