{"mean":{"confidence_interval":{"confidence_level":0.95,"lower_bound":-0.050484916500514926,"upper_bound":-0.001569156104049872},"point_estimate":-0.02613011438230961,"standard_error":0.012516913980250607},"median":{"confidence_interval":{"confidence_level":0.95,"lower_bound":0.0005044771089750544,"upper_bound":0.01582629165999805},"point_estimate":0.007977306667123152,"standard_error":0.003901338815410422}}