{"mean":{"confidence_interval":{"confidence_level":0.95,"lower_bound":1.2778681975368549,"upper_bound":1.3112188996758414},"point_estimate":1.2946846004388814,"standard_error":0.008444783020370918},"median":{"confidence_interval":{"confidence_level":0.95,"lower_bound":1.2744963005758776,"upper_bound":1.3115645579162538},"point_estimate":1.2927704450246988,"standard_error":0.009259140469172603}}