{"mean":{"confidence_interval":{"confidence_level":0.95,"lower_bound":-0.09590380825453063,"upper_bound":-0.09417972289786296},"point_estimate":-0.09498693075061182,"standard_error":0.00043984743503356987},"median":{"confidence_interval":{"confidence_level":0.95,"lower_bound":-0.09464079707583284,"upper_bound":-0.09351476280116261},"point_estimate":-0.09413597007190155,"standard_error":0.000282359007780506}}