{"mean":{"confidence_interval":{"confidence_level":0.95,"lower_bound":-0.18230687320741354,"upper_bound":-0.14043637970188075},"point_estimate":-0.1617292470383811,"standard_error":0.010904688453384912},"median":{"confidence_interval":{"confidence_level":0.95,"lower_bound":-0.19895573733880462,"upper_bound":-0.18703950802830482},"point_estimate":-0.19326484844939973,"standard_error":0.0030650593662705666}}