{"mean":{"confidence_interval":{"confidence_level":0.95,"lower_bound":0.1029600827192382,"upper_bound":0.1094273216168887},"point_estimate":0.10625952968938757,"standard_error":0.001648846827324555},"median":{"confidence_interval":{"confidence_level":0.95,"lower_bound":0.11082474921710973,"upper_bound":0.1142002654114247},"point_estimate":0.11290951121696957,"standard_error":0.0008067793379236386}}