{"mean":{"confidence_interval":{"confidence_level":0.95,"lower_bound":506.8373370068114,"upper_bound":509.96193429551215},"point_estimate":508.34033373705284,"standard_error":0.7969370605833223},"median":{"confidence_interval":{"confidence_level":0.95,"lower_bound":503.7008187890541,"upper_bound":505.8087367178276},"point_estimate":504.47467025727894,"standard_error":0.49271842717056286},"median_abs_dev":{"confidence_interval":{"confidence_level":0.95,"lower_bound":2.158171945155849,"upper_bound":5.372213670979681},"point_estimate":3.2485551566774444,"standard_error":0.8330001168862189},"slope":{"confidence_interval":{"confidence_level":0.95,"lower_bound":507.4286781604843,"upper_bound":511.38522578264974},"point_estimate":509.34231923832044,"standard_error":1.0111377749614316},"std_dev":{"confidence_interval":{"confidence_level":0.95,"lower_bound":6.481354670350926,"upper_bound":9.398817271654925},"point_estimate":8.010247240915565,"standard_error":0.7482390014287844}}