{"mean":{"confidence_interval":{"confidence_level":0.95,"lower_bound":-0.04467240175548205,"upper_bound":-0.037337948944787556},"point_estimate":-0.04121048798648275,"standard_error":0.0018772829713900989},"median":{"confidence_interval":{"confidence_level":0.95,"lower_bound":-0.04464155261409064,"upper_bound":-0.039806176414711625},"point_estimate":-0.042464404943446166,"standard_error":0.0012242192985376875}}