{"mean":{"confidence_interval":{"confidence_level":0.95,"lower_bound":-0.006297989389418389,"upper_bound":-0.004362476451549086},"point_estimate":-0.005447113601796949,"standard_error":0.0005033111071008153},"median":{"confidence_interval":{"confidence_level":0.95,"lower_bound":-0.007032685145852424,"upper_bound":-0.006445612695952452},"point_estimate":-0.006735471610174182,"standard_error":0.0001477347904164058}}