{"mean":{"confidence_interval":{"confidence_level":0.95,"lower_bound":0.05969345599181872,"upper_bound":0.07237911872959701},"point_estimate":0.06504585745939617,"standard_error":0.0031248071321413728},"median":{"confidence_interval":{"confidence_level":0.95,"lower_bound":0.05300132859485373,"upper_bound":0.0637615500192612},"point_estimate":0.05734420907192672,"standard_error":0.002797484075187371}}