{"mean":{"confidence_interval":{"confidence_level":0.95,"lower_bound":-0.013214571697752763,"upper_bound":-0.010688385692519595},"point_estimate":-0.011851106402234857,"standard_error":0.0006439588011124443},"median":{"confidence_interval":{"confidence_level":0.95,"lower_bound":-0.011686571591588146,"upper_bound":-0.010666334261770771},"point_estimate":-0.011210566215952622,"standard_error":0.0002535250320696268}}