{"mean":{"confidence_interval":{"confidence_level":0.95,"lower_bound":0.15547396966817842,"upper_bound":0.1758175720413328},"point_estimate":0.16496914083353276,"standard_error":0.005125894633401074},"median":{"confidence_interval":{"confidence_level":0.95,"lower_bound":0.15303328413996664,"upper_bound":0.16581746460494284},"point_estimate":0.15925281995393115,"standard_error":0.0033104467445779205}}