{"mean":{"confidence_interval":{"confidence_level":0.95,"lower_bound":-0.005905772950220942,"upper_bound":0.03494700184979038},"point_estimate":0.013317091370481426,"standard_error":0.010364168502507707},"median":{"confidence_interval":{"confidence_level":0.95,"lower_bound":0.01355426314279673,"upper_bound":0.02447219309566062},"point_estimate":0.01923780564663402,"standard_error":0.0028575515262018888}}