{"mean":{"confidence_interval":{"confidence_level":0.95,"lower_bound":0.29656147236749375,"upper_bound":0.3167267088157125},"point_estimate":0.3062551454546951,"standard_error":0.0051783237862831335},"median":{"confidence_interval":{"confidence_level":0.95,"lower_bound":0.30800665793920534,"upper_bound":0.3322496160229292},"point_estimate":0.32248814344225796,"standard_error":0.0060564561302725054}}