{"mean":{"confidence_interval":{"confidence_level":0.95,"lower_bound":0.05148502472003797,"upper_bound":0.07901897547469473},"point_estimate":0.06526665567241552,"standard_error":0.0074515834684144525},"median":{"confidence_interval":{"confidence_level":0.95,"lower_bound":0.0490071812229429,"upper_bound":0.05731034388980305},"point_estimate":0.05228298709952406,"standard_error":0.002148608844625776}}