{"mean":{"confidence_interval":{"confidence_level":0.95,"lower_bound":3273604.4332812503,"upper_bound":3328234.669546875},"point_estimate":3298413.8275,"standard_error":13964.19761451433},"median":{"confidence_interval":{"confidence_level":0.95,"lower_bound":3249549.125,"upper_bound":3277372.375},"point_estimate":3261524.25,"standard_error":7908.380839723124},"median_abs_dev":{"confidence_interval":{"confidence_level":0.95,"lower_bound":43512.87295874208,"upper_bound":72939.79522380978},"point_estimate":60735.07857173681,"standard_error":7839.279229508303},"slope":null,"std_dev":{"confidence_interval":{"confidence_level":0.95,"lower_bound":76203.72319693683,"upper_bound":194799.613112859},"point_estimate":140141.75853058175,"standard_error":30565.929270957644}}