{"mean":{"confidence_interval":{"confidence_level":0.95,"lower_bound":-0.01816017647175513,"upper_bound":-0.005781257329951271},"point_estimate":-0.011750306006847455,"standard_error":0.003160364702756793},"median":{"confidence_interval":{"confidence_level":0.95,"lower_bound":-0.015422421507677475,"upper_bound":-0.0030047460020666827},"point_estimate":-0.00919016221913227,"standard_error":0.003072116617988669}}