{"mean":{"confidence_interval":{"confidence_level":0.95,"lower_bound":-0.005728925785367136,"upper_bound":0.0026169475589595368},"point_estimate":-0.0016272716294862821,"standard_error":0.0021343005145668488},"median":{"confidence_interval":{"confidence_level":0.95,"lower_bound":-0.009421704887210947,"upper_bound":-0.0011890826691109409},"point_estimate":-0.006623434209067636,"standard_error":0.0019543230087271284}}