{"mean":{"confidence_interval":{"confidence_level":0.95,"lower_bound":0.02208433290017894,"upper_bound":0.026544516617331076},"point_estimate":0.024155928090063616,"standard_error":0.001164431938720233},"median":{"confidence_interval":{"confidence_level":0.95,"lower_bound":0.022127299823689297,"upper_bound":0.02435730282430093},"point_estimate":0.02352030268782368,"standard_error":0.0005318242264866765}}