{"mean":{"confidence_interval":{"confidence_level":0.95,"lower_bound":0.15948181105706372,"upper_bound":0.16917770418167927},"point_estimate":0.16443504790841934,"standard_error":0.0024726991652757424},"median":{"confidence_interval":{"confidence_level":0.95,"lower_bound":0.15509356387658157,"upper_bound":0.1641801780560579},"point_estimate":0.16078350134240682,"standard_error":0.0022095552688273837}}