{"mean":{"confidence_interval":{"confidence_level":0.95,"lower_bound":0.010121254449061525,"upper_bound":0.03524190963698854},"point_estimate":0.02273471613527156,"standard_error":0.006309501541972412},"median":{"confidence_interval":{"confidence_level":0.95,"lower_bound":0.003186228133953195,"upper_bound":0.03152478071457776},"point_estimate":0.016395543339009055,"standard_error":0.007169632820269573}}