{"mean":{"confidence_interval":{"confidence_level":0.95,"lower_bound":-0.05159207964039056,"upper_bound":-0.04243669952176535},"point_estimate":-0.04696586603059694,"standard_error":0.00232742310846251},"median":{"confidence_interval":{"confidence_level":0.95,"lower_bound":-0.049497206109028524,"upper_bound":-0.03990288067694103},"point_estimate":-0.04407511084081894,"standard_error":0.0024057404081328773}}