{"mean":{"confidence_interval":{"confidence_level":0.95,"lower_bound":-0.038274577553097086,"upper_bound":-0.0197452438856438},"point_estimate":-0.029811164572924986,"standard_error":0.004967874932094674},"median":{"confidence_interval":{"confidence_level":0.95,"lower_bound":-0.0405567327380173,"upper_bound":-0.03847502013222648},"point_estimate":-0.03930040138737079,"standard_error":0.000507116859881159}}