{"mean":{"confidence_interval":{"confidence_level":0.95,"lower_bound":-0.002831011604626754,"upper_bound":0.0007539512905458789},"point_estimate":-0.0010022790674619753,"standard_error":0.0009126606522134804},"median":{"confidence_interval":{"confidence_level":0.95,"lower_bound":-0.0013382972988581487,"upper_bound":0.0007322988228306571},"point_estimate":-0.0005280855714761001,"standard_error":0.0005139149118363087}}