{"mean":{"confidence_interval":{"confidence_level":0.95,"lower_bound":0.005115513451750432,"upper_bound":0.012749232204026628},"point_estimate":0.008864761912083852,"standard_error":0.001947412570456204},"median":{"confidence_interval":{"confidence_level":0.95,"lower_bound":0.004040529788965408,"upper_bound":0.012000474701870045},"point_estimate":0.006782077334871683,"standard_error":0.002114594274396719}}