{"mean":{"confidence_interval":{"confidence_level":0.95,"lower_bound":0.341209864359144,"upper_bound":0.3742605950645731},"point_estimate":0.35377132772007824,"standard_error":0.008768413833831165},"median":{"confidence_interval":{"confidence_level":0.95,"lower_bound":0.342634233150638,"upper_bound":0.3446219431775388},"point_estimate":0.34358893547200453,"standard_error":0.0005233678950728789}}