{"mean":{"confidence_interval":{"confidence_level":0.95,"lower_bound":-0.010098857447470444,"upper_bound":-0.003432313113446534},"point_estimate":-0.006577134499452408,"standard_error":0.0017027157301326126},"median":{"confidence_interval":{"confidence_level":0.95,"lower_bound":-0.0027256204035458484,"upper_bound":-0.001055980446094229},"point_estimate":-0.0016680425939862298,"standard_error":0.000441405795990283}}