{"mean":{"confidence_interval":{"confidence_level":0.95,"lower_bound":0.03357891298541486,"upper_bound":0.036648091765485634},"point_estimate":0.03524114715556892,"standard_error":0.0007828583930021091},"median":{"confidence_interval":{"confidence_level":0.95,"lower_bound":0.036855576841799076,"upper_bound":0.03800999347748757},"point_estimate":0.03743389650668605,"standard_error":0.0002756395115685085}}