{"mean":{"confidence_interval":{"confidence_level":0.95,"lower_bound":-0.0218834640062342,"upper_bound":0.0013970355943152307},"point_estimate":-0.012145693236689459,"standard_error":0.005975362542596266},"median":{"confidence_interval":{"confidence_level":0.95,"lower_bound":-0.02475745195172907,"upper_bound":-0.014376238879239901},"point_estimate":-0.0216594984564914,"standard_error":0.0026639169278527878}}