{"mean":{"confidence_interval":{"confidence_level":0.95,"lower_bound":-0.009416477105976635,"upper_bound":0.001403374713372152},"point_estimate":-0.004749354174887199,"standard_error":0.0027427283584177445},"median":{"confidence_interval":{"confidence_level":0.95,"lower_bound":-0.009676718331360856,"upper_bound":-0.002592411207416371},"point_estimate":-0.006420747367154145,"standard_error":0.0017811286309812986}}