{"mean":{"confidence_interval":{"confidence_level":0.95,"lower_bound":-0.01862689564411333,"upper_bound":-0.0016521840047553928},"point_estimate":-0.010653732124358273,"standard_error":0.0043309896276217735},"median":{"confidence_interval":{"confidence_level":0.95,"lower_bound":-0.02367007743759031,"upper_bound":-0.0005873626665211518},"point_estimate":-0.010392469676988703,"standard_error":0.00625427309312758}}