{"mean":{"confidence_interval":{"confidence_level":0.95,"lower_bound":-0.16631527162795368,"upper_bound":-0.1578400884207732},"point_estimate":-0.1616630206640952,"standard_error":0.0021746258190039774},"median":{"confidence_interval":{"confidence_level":0.95,"lower_bound":-0.1614475313493139,"upper_bound":-0.15695427793699887},"point_estimate":-0.15890713693822622,"standard_error":0.0011499070883239128}}