{"mean":{"confidence_interval":{"confidence_level":0.95,"lower_bound":0.031871026015171874,"upper_bound":0.033715402940223994},"point_estimate":0.03278301416788687,"standard_error":0.00047085196763717194},"median":{"confidence_interval":{"confidence_level":0.95,"lower_bound":0.032328607847164514,"upper_bound":0.03401079789857242},"point_estimate":0.03329396455919209,"standard_error":0.00042678300880651983}}