{"mean":{"confidence_interval":{"confidence_level":0.95,"lower_bound":-0.013616277485646054,"upper_bound":-0.0046876470437477984},"point_estimate":-0.009195397689373164,"standard_error":0.002287868755139729},"median":{"confidence_interval":{"confidence_level":0.95,"lower_bound":-0.01673935230833427,"upper_bound":-0.0060812097005641386},"point_estimate":-0.011631586209000178,"standard_error":0.002786720056986474}}