{"mean":{"confidence_interval":{"confidence_level":0.95,"lower_bound":-0.04891422484348754,"upper_bound":-0.04423148451771398},"point_estimate":-0.04637205941463596,"standard_error":0.0011982358793907483},"median":{"confidence_interval":{"confidence_level":0.95,"lower_bound":-0.046383443342277904,"upper_bound":-0.0424356922165634},"point_estimate":-0.044583388470612606,"standard_error":0.0011110343915985968}}