{"mean":{"confidence_interval":{"confidence_level":0.95,"lower_bound":-0.05388429243882027,"upper_bound":-0.03537630679045795},"point_estimate":-0.04479097926131337,"standard_error":0.004731699493492618},"median":{"confidence_interval":{"confidence_level":0.95,"lower_bound":-0.05575336955793175,"upper_bound":-0.03993263846946371},"point_estimate":-0.04888422146675098,"standard_error":0.00412177844442559}}