{"mean":{"confidence_interval":{"confidence_level":0.95,"lower_bound":-0.014394769052921924,"upper_bound":-0.005891747024990548},"point_estimate":-0.010637807623103956,"standard_error":0.002153574772545396},"median":{"confidence_interval":{"confidence_level":0.95,"lower_bound":-0.016833746185841693,"upper_bound":-0.011316311312389526},"point_estimate":-0.013599129658373621,"standard_error":0.0014223407569990687}}