{"mean":{"confidence_interval":{"confidence_level":0.95,"lower_bound":-0.7494368555150823,"upper_bound":-0.7475230732202028},"point_estimate":-0.7483671948606772,"standard_error":0.0004909512480755856},"median":{"confidence_interval":{"confidence_level":0.95,"lower_bound":-0.7478075018901367,"upper_bound":-0.7465781007807568},"point_estimate":-0.7472890648425481,"standard_error":0.00032633686605725314}}