{"mean":{"confidence_interval":{"confidence_level":0.95,"lower_bound":0.11521529881404169,"upper_bound":0.12456696843546256},"point_estimate":0.11940730629947849,"standard_error":0.0024161917500916366},"median":{"confidence_interval":{"confidence_level":0.95,"lower_bound":0.10668349630016638,"upper_bound":0.12116486790075554},"point_estimate":0.10975226428622586,"standard_error":0.003984327322593624}}