{"mean":{"confidence_interval":{"confidence_level":0.95,"lower_bound":-0.17884503090982665,"upper_bound":-0.16526429447803717},"point_estimate":-0.17222638231632648,"standard_error":0.003441565292473431},"median":{"confidence_interval":{"confidence_level":0.95,"lower_bound":-0.17739391487503542,"upper_bound":-0.16865830343988208},"point_estimate":-0.1711178231642303,"standard_error":0.0024547036962880627}}