{"mean":{"confidence_interval":{"confidence_level":0.95,"lower_bound":0.15305182527149194,"upper_bound":0.16956984929011973},"point_estimate":0.1606563845193656,"standard_error":0.0042552324706275554},"median":{"confidence_interval":{"confidence_level":0.95,"lower_bound":0.1423524725248213,"upper_bound":0.1740199354928286},"point_estimate":0.16459763708056263,"standard_error":0.008435117987049453}}