{"mean":{"confidence_interval":{"confidence_level":0.95,"lower_bound":0.008134249663946411,"upper_bound":0.021226328161636675},"point_estimate":0.01497547957041756,"standard_error":0.0033453865330967205},"median":{"confidence_interval":{"confidence_level":0.95,"lower_bound":0.010118897615721012,"upper_bound":0.03572572074821867},"point_estimate":0.016748732779893638,"standard_error":0.00723376753076139}}