{"mean":{"confidence_interval":{"confidence_level":0.95,"lower_bound":0.006564487351130271,"upper_bound":0.02767288517482775},"point_estimate":0.017190409920002203,"standard_error":0.005381268140474378},"median":{"confidence_interval":{"confidence_level":0.95,"lower_bound":0.0003467654342424896,"upper_bound":0.020996798836576087},"point_estimate":0.008700507276720337,"standard_error":0.005369756076431017}}