{"mean":{"confidence_interval":{"confidence_level":0.95,"lower_bound":-0.04330312632489638,"upper_bound":-0.03516011438791947},"point_estimate":-0.039243464014765195,"standard_error":0.002075139063804464},"median":{"confidence_interval":{"confidence_level":0.95,"lower_bound":-0.049413522839279196,"upper_bound":-0.02435404912344019},"point_estimate":-0.03075555689986309,"standard_error":0.006886984146119535}}