{"mean":{"confidence_interval":{"confidence_level":0.95,"lower_bound":0.03071578081651734,"upper_bound":0.05360264658036523},"point_estimate":0.042602475422042874,"standard_error":0.005812428476288946},"median":{"confidence_interval":{"confidence_level":0.95,"lower_bound":0.03698125689308762,"upper_bound":0.05823193101464019},"point_estimate":0.04813809422835491,"standard_error":0.005493053070010199}}