{"mean":{"confidence_interval":{"confidence_level":0.95,"lower_bound":3666769.796071428,"upper_bound":3707516.8655714276},"point_estimate":3684851.3864285713,"standard_error":10414.297447101831},"median":{"confidence_interval":{"confidence_level":0.95,"lower_bound":3656736.8571428573,"upper_bound":3688292.535714286},"point_estimate":3669053.4285714286,"standard_error":8100.296632799905},"median_abs_dev":{"confidence_interval":{"confidence_level":0.95,"lower_bound":47585.79350518304,"upper_bound":82578.1710339441},"point_estimate":70023.40855683613,"standard_error":8838.499998784591},"slope":null,"std_dev":{"confidence_interval":{"confidence_level":0.95,"lower_bound":59872.424582936874,"upper_bound":153521.3105071368},"point_estimate":104299.30288353389,"standard_error":28540.5745899718}}