{"mean":{"confidence_interval":{"confidence_level":0.95,"lower_bound":3260713.00459375,"upper_bound":3265381.368734375},"point_estimate":3262957.49625,"standard_error":1186.2940727719438},"median":{"confidence_interval":{"confidence_level":0.95,"lower_bound":3257687.34375,"upper_bound":3262160.9375},"point_estimate":3260629.21875,"standard_error":1184.445145884941},"median_abs_dev":{"confidence_interval":{"confidence_level":0.95,"lower_bound":6852.484415844083,"upper_bound":12321.239743754268},"point_estimate":9473.721169307828,"standard_error":1414.2154244253215},"slope":null,"std_dev":{"confidence_interval":{"confidence_level":0.95,"lower_bound":9495.11021978759,"upper_bound":14437.231116066312},"point_estimate":11910.163517455718,"standard_error":1280.2420775584203}}