{"mean":{"confidence_interval":{"confidence_level":0.95,"lower_bound":3500934.065,"upper_bound":3507822.7350000013},"point_estimate":3503774.1333333333,"standard_error":1802.6501986454455},"median":{"confidence_interval":{"confidence_level":0.95,"lower_bound":3498640.0,"upper_bound":3501253.3333333335},"point_estimate":3499693.3333333335,"standard_error":656.2060186161482},"median_abs_dev":{"confidence_interval":{"confidence_level":0.95,"lower_bound":3330.907940864678,"upper_bound":6172.557890415422},"point_estimate":4185.873925685767,"standard_error":674.9396693351101},"slope":null,"std_dev":{"confidence_interval":{"confidence_level":0.95,"lower_bound":6655.0984598719815,"upper_bound":28980.83481961731},"point_estimate":18119.941387784464,"standard_error":7073.975948189186}}