{"mean":{"confidence_interval":{"confidence_level":0.95,"lower_bound":0.017096036182587173,"upper_bound":0.033997840266984346},"point_estimate":0.02470197750379577,"standard_error":0.00428064516486741},"median":{"confidence_interval":{"confidence_level":0.95,"lower_bound":0.00896196212003364,"upper_bound":0.0193354825922607},"point_estimate":0.013775985283650538,"standard_error":0.0028081984628762556}}