{"mean":{"confidence_interval":{"confidence_level":0.95,"lower_bound":-0.021520035276502748,"upper_bound":0.00024294133463834995},"point_estimate":-0.010957974784260083,"standard_error":0.005604818439258309},"median":{"confidence_interval":{"confidence_level":0.95,"lower_bound":-0.0270963534783909,"upper_bound":-0.0011613666230217978},"point_estimate":-0.013669194714281963,"standard_error":0.006477963828432132}}