{"mean":{"confidence_interval":{"confidence_level":0.95,"lower_bound":-0.024896635714755633,"upper_bound":-0.0049494500383118764},"point_estimate":-0.013918857320765032,"standard_error":0.005125013574306021},"median":{"confidence_interval":{"confidence_level":0.95,"lower_bound":-0.010848356208650212,"upper_bound":0.0015529284880158034},"point_estimate":-0.0016760346327368003,"standard_error":0.0028889235689396877}}