{"mean":{"confidence_interval":{"confidence_level":0.95,"lower_bound":-0.01339677988764455,"upper_bound":-0.011207757396828506},"point_estimate":-0.012217922351252963,"standard_error":0.0005592833204892017},"median":{"confidence_interval":{"confidence_level":0.95,"lower_bound":-0.012086915670219245,"upper_bound":-0.01050513002265474},"point_estimate":-0.011353991810706177,"standard_error":0.0003965429275820672}}