{"mean":{"confidence_interval":{"confidence_level":0.95,"lower_bound":0.17411078219805576,"upper_bound":0.1766014775832201},"point_estimate":0.17529719442838831,"standard_error":0.0006532289158197271},"median":{"confidence_interval":{"confidence_level":0.95,"lower_bound":0.17285530265577664,"upper_bound":0.17552964257384204},"point_estimate":0.17396716100770604,"standard_error":0.0006520167825918347}}