{"mean":{"confidence_interval":{"confidence_level":0.95,"lower_bound":-0.020723596710305443,"upper_bound":-0.017726200697089967},"point_estimate":-0.019481418738954703,"standard_error":0.0007557446658574499},"median":{"confidence_interval":{"confidence_level":0.95,"lower_bound":-0.021402540947274118,"upper_bound":-0.018193172159335802},"point_estimate":-0.02052014731536589,"standard_error":0.0007207247483603866}}