{"mean":{"confidence_interval":{"confidence_level":0.95,"lower_bound":-0.5687308466589595,"upper_bound":-0.5667167928695166},"point_estimate":-0.5678148180204752,"standard_error":0.0005114960217009072},"median":{"confidence_interval":{"confidence_level":0.95,"lower_bound":-0.568727673235673,"upper_bound":-0.5668067902601283},"point_estimate":-0.5674908475376924,"standard_error":0.000518452327139176}}