{"mean":{"confidence_interval":{"confidence_level":0.95,"lower_bound":938915.883881175,"upper_bound":947150.405655612},"point_estimate":942944.9803464642,"standard_error":2096.925241491804},"median":{"confidence_interval":{"confidence_level":0.95,"lower_bound":935244.9642857143,"upper_bound":944240.9387755102},"point_estimate":939622.7166511194,"standard_error":2002.1253817799038},"median_abs_dev":{"confidence_interval":{"confidence_level":0.95,"lower_bound":11698.296242313701,"upper_bound":19821.58626856126},"point_estimate":16773.73745887686,"standard_error":2092.3288549770177},"slope":{"confidence_interval":{"confidence_level":0.95,"lower_bound":938900.2658775911,"upper_bound":948960.440027398},"point_estimate":943611.1441628492,"standard_error":2576.761521169946},"std_dev":{"confidence_interval":{"confidence_level":0.95,"lower_bound":16764.55838911117,"upper_bound":24697.945883022785},"point_estimate":21012.489842020594,"standard_error":2024.0374464240929}}