{"mean":{"confidence_interval":{"confidence_level":0.95,"lower_bound":-0.010047864913732775,"upper_bound":-0.0018804310623337665},"point_estimate":-0.005854953484163983,"standard_error":0.002071349225174696},"median":{"confidence_interval":{"confidence_level":0.95,"lower_bound":-0.015895072791363818,"upper_bound":-0.00041276966152137273},"point_estimate":-0.008135939030416095,"standard_error":0.004092477128467303}}