{"mean":{"confidence_interval":{"confidence_level":0.95,"lower_bound":0.060836179422054694,"upper_bound":0.06281108075985672},"point_estimate":0.0618358864440276,"standard_error":0.0005032554427831154},"median":{"confidence_interval":{"confidence_level":0.95,"lower_bound":0.061404275707631184,"upper_bound":0.06270529575115003},"point_estimate":0.062229184824335926,"standard_error":0.0003103430432701803}}