{"mean":{"confidence_interval":{"confidence_level":0.95,"lower_bound":-0.0056141984548683755,"upper_bound":0.005565385990260829},"point_estimate":-0.0002533159112549921,"standard_error":0.002848398726033616},"median":{"confidence_interval":{"confidence_level":0.95,"lower_bound":-0.004794903764575285,"upper_bound":0.00044190776454167136},"point_estimate":-0.0027048338803735694,"standard_error":0.0013582326037991312}}