{"mean":{"confidence_interval":{"confidence_level":0.95,"lower_bound":-0.0014056582044735212,"upper_bound":0.016792372984598975},"point_estimate":0.007671657276307586,"standard_error":0.004622427347136238},"median":{"confidence_interval":{"confidence_level":0.95,"lower_bound":-0.0023169013103198077,"upper_bound":0.013221284770327246},"point_estimate":0.004951309153210515,"standard_error":0.0036653067074059317}}