{"mean":{"confidence_interval":{"confidence_level":0.95,"lower_bound":0.004390918071610518,"upper_bound":0.006768494982991229},"point_estimate":0.00557277127843947,"standard_error":0.0006073386760193744},"median":{"confidence_interval":{"confidence_level":0.95,"lower_bound":0.0027160726850687547,"upper_bound":0.00850704950282899},"point_estimate":0.007454027533700058,"standard_error":0.0015079467175927294}}