{"mean":{"confidence_interval":{"confidence_level":0.95,"lower_bound":-0.018556012723748738,"upper_bound":-0.012023247114420745},"point_estimate":-0.01511753108981706,"standard_error":0.0016696962071565905},"median":{"confidence_interval":{"confidence_level":0.95,"lower_bound":-0.016734374640976046,"upper_bound":-0.010712604626587963},"point_estimate":-0.01396794722662087,"standard_error":0.0014375059879441856}}