{"mean":{"confidence_interval":{"confidence_level":0.95,"lower_bound":-0.019094070465562794,"upper_bound":-0.012761071604285976},"point_estimate":-0.016522273003981014,"standard_error":0.0016553713913111286},"median":{"confidence_interval":{"confidence_level":0.95,"lower_bound":-0.019542079715915817,"upper_bound":-0.018191331749729228},"point_estimate":-0.018766907065676963,"standard_error":0.0003340781467548853}}