{"mean":{"confidence_interval":{"confidence_level":0.95,"lower_bound":0.007624773327706538,"upper_bound":0.015878065431438396},"point_estimate":0.011691612110817706,"standard_error":0.002112133263931912},"median":{"confidence_interval":{"confidence_level":0.95,"lower_bound":0.005638340893584504,"upper_bound":0.016230981614830158},"point_estimate":0.011779169535862222,"standard_error":0.002802670784417956}}