{"mean":{"confidence_interval":{"confidence_level":0.95,"lower_bound":-0.01460637941788039,"upper_bound":-0.005287139444511266},"point_estimate":-0.009942540899834706,"standard_error":0.002374010197433195},"median":{"confidence_interval":{"confidence_level":0.95,"lower_bound":-0.014626316652706639,"upper_bound":-0.0014225621303669556},"point_estimate":-0.00977082409665786,"standard_error":0.003274665993990045}}