{"mean":{"confidence_interval":{"confidence_level":0.95,"lower_bound":3066642.932352941,"upper_bound":3104100.845588237},"point_estimate":3084258.5882352944,"standard_error":9577.259248849923},"median":{"confidence_interval":{"confidence_level":0.95,"lower_bound":3042335.294117647,"upper_bound":3061550.0},"point_estimate":3049717.6470588236,"standard_error":4681.467851401823},"median_abs_dev":{"confidence_interval":{"confidence_level":0.95,"lower_bound":20764.902778408148,"upper_bound":39607.22223800782},"point_estimate":27083.61304858164,"standard_error":4607.867415362587},"slope":null,"std_dev":{"confidence_interval":{"confidence_level":0.95,"lower_bound":67663.96893063239,"upper_bound":119204.82579819574},"point_estimate":96363.82785105839,"standard_error":13127.977986790866}}