{"mean":{"confidence_interval":{"confidence_level":0.95,"lower_bound":-0.9183649438158473,"upper_bound":-0.9177319863935669},"point_estimate":-0.9180057444111628,"standard_error":0.00016174454552628163},"median":{"confidence_interval":{"confidence_level":0.95,"lower_bound":-0.9182328877795181,"upper_bound":-0.9177668842583676},"point_estimate":-0.9180255620178907,"standard_error":0.00011920678309839524}}