{"mean":{"confidence_interval":{"confidence_level":0.95,"lower_bound":-0.010140792213295762,"upper_bound":0.001007219827245311},"point_estimate":-0.004641757178323602,"standard_error":0.002842140339331182},"median":{"confidence_interval":{"confidence_level":0.95,"lower_bound":-0.005624232465127221,"upper_bound":0.005056361168752188},"point_estimate":-0.00009135528937509463,"standard_error":0.0027491461769515095}}