{"mean":{"confidence_interval":{"confidence_level":0.95,"lower_bound":-0.6126507277509936,"upper_bound":-0.5894309445534156},"point_estimate":-0.5997694349526197,"standard_error":0.005964056038605012},"median":{"confidence_interval":{"confidence_level":0.95,"lower_bound":-0.5958452825128719,"upper_bound":-0.5896468245743368},"point_estimate":-0.5918280694692926,"standard_error":0.0016640327485255599}}