{"mean":{"confidence_interval":{"confidence_level":0.95,"lower_bound":-0.0031545581344024705,"upper_bound":0.010198859966350697},"point_estimate":0.003527061313505886,"standard_error":0.0033747856732720067},"median":{"confidence_interval":{"confidence_level":0.95,"lower_bound":-0.0037346731702546654,"upper_bound":0.00895919998360628},"point_estimate":0.0034339262926776914,"standard_error":0.0032885928773187154}}