{"mean":{"confidence_interval":{"confidence_level":0.95,"lower_bound":0.004616961764083838,"upper_bound":0.01451554116205755},"point_estimate":0.009614744944044684,"standard_error":0.0025294190725883687},"median":{"confidence_interval":{"confidence_level":0.95,"lower_bound":0.007029032794829693,"upper_bound":0.016542175701483197},"point_estimate":0.012099690906882676,"standard_error":0.002437945695180139}}