{"mean":{"confidence_interval":{"confidence_level":0.95,"lower_bound":-0.019425138735932813,"upper_bound":-0.009702585277092076},"point_estimate":-0.014435382467481106,"standard_error":0.0025049026321686337},"median":{"confidence_interval":{"confidence_level":0.95,"lower_bound":-0.019869834422819865,"upper_bound":-0.006101059118406416},"point_estimate":-0.013185643908318001,"standard_error":0.0035944541625629704}}