{"mean":{"confidence_interval":{"confidence_level":0.95,"lower_bound":-0.07529586088869197,"upper_bound":-0.05259835712881801},"point_estimate":-0.06335484216467269,"standard_error":0.005924684153708846},"median":{"confidence_interval":{"confidence_level":0.95,"lower_bound":-0.08792148556920687,"upper_bound":-0.08176858143026322},"point_estimate":-0.08474967643816589,"standard_error":0.0014346719041855292}}