{"mean":{"confidence_interval":{"confidence_level":0.95,"lower_bound":0.1287046388670715,"upper_bound":0.2722592639799929},"point_estimate":0.19714582780846257,"standard_error":0.036694312750679345},"median":{"confidence_interval":{"confidence_level":0.95,"lower_bound":0.3671282115343617,"upper_bound":0.6093039968893861},"point_estimate":0.5564898063083532,"standard_error":0.058576723125880394}}