{"mean":{"confidence_interval":{"confidence_level":0.95,"lower_bound":-0.01178812655316049,"upper_bound":0.004325536631635055},"point_estimate":-0.0032462355164579737,"standard_error":0.004089875845827027},"median":{"confidence_interval":{"confidence_level":0.95,"lower_bound":-0.003818479090605287,"upper_bound":0.001515612199011196},"point_estimate":-0.001750100760261608,"standard_error":0.0014177272036892685}}