{"mean":{"confidence_interval":{"confidence_level":0.95,"lower_bound":0.2161184000602033,"upper_bound":0.2505550691572978},"point_estimate":0.23373121438438393,"standard_error":0.008771377832153267},"median":{"confidence_interval":{"confidence_level":0.95,"lower_bound":0.23335038784016238,"upper_bound":0.26114597554204955},"point_estimate":0.24517044246905972,"standard_error":0.0071988093962876525}}