{"mean":{"confidence_interval":{"confidence_level":0.95,"lower_bound":0.05912080862393005,"upper_bound":0.09862144608511832},"point_estimate":0.07965363532480052,"standard_error":0.010049371651929926},"median":{"confidence_interval":{"confidence_level":0.95,"lower_bound":0.07669166467570569,"upper_bound":0.09837838969099755},"point_estimate":0.08868933026224934,"standard_error":0.006023898427506194}}