{"mean":{"confidence_interval":{"confidence_level":0.95,"lower_bound":0.11768352850936949,"upper_bound":0.20970823185082765},"point_estimate":0.1611303640954871,"standard_error":0.02357665205287394},"median":{"confidence_interval":{"confidence_level":0.95,"lower_bound":0.019031571119016766,"upper_bound":0.09725173689221656},"point_estimate":0.02972825680578617,"standard_error":0.021203595214443097}}