{"mean":{"confidence_interval":{"confidence_level":0.95,"lower_bound":-0.056084595381066416,"upper_bound":0.054880675703166855},"point_estimate":-0.003918017327772416,"standard_error":0.028368010493259238},"median":{"confidence_interval":{"confidence_level":0.95,"lower_bound":-0.03091927461796873,"upper_bound":0.06237955549747731},"point_estimate":-0.0032465995131704117,"standard_error":0.022720699907921086}}