{"mean":{"confidence_interval":{"confidence_level":0.95,"lower_bound":-0.05123169507907705,"upper_bound":-0.04149224633360501},"point_estimate":-0.045892974013464594,"standard_error":0.0024963202060372877},"median":{"confidence_interval":{"confidence_level":0.95,"lower_bound":-0.04450463115878944,"upper_bound":-0.038642934087806946},"point_estimate":-0.040790950299509854,"standard_error":0.0015432215291027581}}