{"mean":{"confidence_interval":{"confidence_level":0.95,"lower_bound":2372864.0386363636,"upper_bound":2389010.9909090903},"point_estimate":2380207.9545454537,"standard_error":4139.493758883526},"median":{"confidence_interval":{"confidence_level":0.95,"lower_bound":2369922.7272727275,"upper_bound":2373877.272727273},"point_estimate":2371170.4545454546,"standard_error":1043.241267132037},"median_abs_dev":{"confidence_interval":{"confidence_level":0.95,"lower_bound":6873.872605236937,"upper_bound":14542.957923628941},"point_estimate":10229.939818382263,"standard_error":2040.752263621318},"slope":null,"std_dev":{"confidence_interval":{"confidence_level":0.95,"lower_bound":21364.647309070566,"upper_bound":57497.494354130096},"point_estimate":41635.66912284509,"standard_error":9156.928027451893}}