{"mean":{"confidence_interval":{"confidence_level":0.95,"lower_bound":3378870.647749999,"upper_bound":3382074.2804833343},"point_estimate":3380429.9026666665,"standard_error":817.5254807397114},"median":{"confidence_interval":{"confidence_level":0.95,"lower_bound":3377092.1333333333,"upper_bound":3379593.5999999996},"point_estimate":3378117.7666666666,"standard_error":591.0106493634099},"median_abs_dev":{"confidence_interval":{"confidence_level":0.95,"lower_bound":4940.566732287453,"upper_bound":8715.958145260696},"point_estimate":6808.247339129586,"standard_error":929.3017709374444},"slope":null,"std_dev":{"confidence_interval":{"confidence_level":0.95,"lower_bound":6847.274681598368,"upper_bound":9358.43927217734},"point_estimate":8189.110335354925,"standard_error":641.8646065768372}}