{"mean":{"confidence_interval":{"confidence_level":0.95,"lower_bound":2482706.3204047615,"upper_bound":2494984.423714285},"point_estimate":2488675.2247619038,"standard_error":3127.525964912881},"median":{"confidence_interval":{"confidence_level":0.95,"lower_bound":2479074.4285714286,"upper_bound":2495122.5714285714},"point_estimate":2487315.7142857146,"standard_error":4700.21018702064},"median_abs_dev":{"confidence_interval":{"confidence_level":0.95,"lower_bound":23571.396316524144,"upper_bound":36356.290962047555},"point_estimate":30890.817651578604,"standard_error":3197.271301071568},"slope":null,"std_dev":{"confidence_interval":{"confidence_level":0.95,"lower_bound":24758.99860776869,"upper_bound":38252.60549897064},"point_estimate":31498.340707213214,"standard_error":3478.56159585846}}