{"mean":{"confidence_interval":{"confidence_level":0.95,"lower_bound":10102.703053738105,"upper_bound":10120.226781970805},"point_estimate":10109.7966089864,"standard_error":4.612633814466875},"median":{"confidence_interval":{"confidence_level":0.95,"lower_bound":10100.543107038733,"upper_bound":10108.001840080295},"point_estimate":10103.944747284879,"standard_error":1.8600570517184702},"median_abs_dev":{"confidence_interval":{"confidence_level":0.95,"lower_bound":8.42495705123897,"upper_bound":13.668186464424332},"point_estimate":10.775838451932184,"standard_error":1.3585779223303909},"slope":{"confidence_interval":{"confidence_level":0.95,"lower_bound":10104.91235901057,"upper_bound":10148.234744301364},"point_estimate":10121.136732190733,"standard_error":11.989912390892385},"std_dev":{"confidence_interval":{"confidence_level":0.95,"lower_bound":12.308731738890083,"upper_bound":75.69424851639063},"point_estimate":46.50814762396041,"standard_error":19.236178324080647}}