{"mean":{"confidence_interval":{"confidence_level":0.95,"lower_bound":11576.130607205578,"upper_bound":11802.6543411406},"point_estimate":11685.064250948482,"standard_error":57.733562861651755},"median":{"confidence_interval":{"confidence_level":0.95,"lower_bound":11457.684504643963,"upper_bound":11647.368067226891},"point_estimate":11545.217487266553,"standard_error":40.778275123768026},"median_abs_dev":{"confidence_interval":{"confidence_level":0.95,"lower_bound":264.6434357168655,"upper_bound":431.7846232825412},"point_estimate":345.04439103139566,"standard_error":41.90428460245049},"slope":{"confidence_interval":{"confidence_level":0.95,"lower_bound":11538.759412863821,"upper_bound":11708.795262791367},"point_estimate":11620.725993271846,"standard_error":43.415159559098804},"std_dev":{"confidence_interval":{"confidence_level":0.95,"lower_bound":450.9437074698928,"upper_bound":689.7749868399505},"point_estimate":577.34711480216,"standard_error":61.08331309748401}}