{"mean":{"confidence_interval":{"confidence_level":0.95,"lower_bound":11960.997101303687,"upper_bound":12068.442053911209},"point_estimate":12013.154895235175,"standard_error":27.371919003214597},"median":{"confidence_interval":{"confidence_level":0.95,"lower_bound":11895.545905468027,"upper_bound":12069.096950301206},"point_estimate":11971.513263679135,"standard_error":46.64456258848964},"median_abs_dev":{"confidence_interval":{"confidence_level":0.95,"lower_bound":194.21391932309604,"upper_bound":298.1805942417305},"point_estimate":244.49400033674505,"standard_error":26.206615532716636},"slope":{"confidence_interval":{"confidence_level":0.95,"lower_bound":11858.971291645843,"upper_bound":11953.3462252147},"point_estimate":11902.388264985462,"standard_error":24.177250205446878},"std_dev":{"confidence_interval":{"confidence_level":0.95,"lower_bound":222.24518443881175,"upper_bound":323.9357846137363},"point_estimate":274.0247878807356,"standard_error":26.107093516487993}}