{"mean":{"confidence_interval":{"confidence_level":0.95,"lower_bound":-0.011563611738820923,"upper_bound":0.005432715592897172},"point_estimate":-0.0019077211421593132,"standard_error":0.0044165143362082755},"median":{"confidence_interval":{"confidence_level":0.95,"lower_bound":0.005130522876693133,"upper_bound":0.006916692873524477},"point_estimate":0.0057958074757293865,"standard_error":0.0004476902526077324}}