{"mean":{"confidence_interval":{"confidence_level":0.95,"lower_bound":-0.0447131124944468,"upper_bound":-0.026012997910277773},"point_estimate":-0.03603398070569053,"standard_error":0.004776079102812897},"median":{"confidence_interval":{"confidence_level":0.95,"lower_bound":-0.053591852382253724,"upper_bound":-0.03103975815731619},"point_estimate":-0.04607999452616052,"standard_error":0.005802205146305987}}