{"mean":{"confidence_interval":{"confidence_level":0.95,"lower_bound":0.0397370858350384,"upper_bound":0.04459775067805623},"point_estimate":0.04220619903172507,"standard_error":0.0012439171900127692},"median":{"confidence_interval":{"confidence_level":0.95,"lower_bound":0.04099730187785068,"upper_bound":0.04535929668276517},"point_estimate":0.043067850820899256,"standard_error":0.001182984962496565}}