{"mean":{"confidence_interval":{"confidence_level":0.95,"lower_bound":0.08026924148296971,"upper_bound":0.08369740757732969},"point_estimate":0.08200507825132464,"standard_error":0.0008723791352697686},"median":{"confidence_interval":{"confidence_level":0.95,"lower_bound":0.07937161191365916,"upper_bound":0.084993580021818},"point_estimate":0.08189292279974736,"standard_error":0.001459175496053151}}