{"mean":{"confidence_interval":{"confidence_level":0.95,"lower_bound":-0.006752073502967837,"upper_bound":-0.0037520309420630395},"point_estimate":-0.005195028483523045,"standard_error":0.0007643441433509003},"median":{"confidence_interval":{"confidence_level":0.95,"lower_bound":-0.007268857468902712,"upper_bound":-0.003048354394997843},"point_estimate":-0.005054657176358668,"standard_error":0.0011433994579677193}}