{"mean":{"confidence_interval":{"confidence_level":0.95,"lower_bound":0.16352356236618223,"upper_bound":0.1827073031289115},"point_estimate":0.1722381166806155,"standard_error":0.0050221393224681435},"median":{"confidence_interval":{"confidence_level":0.95,"lower_bound":0.15816429576973468,"upper_bound":0.17376153968539976},"point_estimate":0.163611515986968,"standard_error":0.004310105858801113}}