{"mean":{"confidence_interval":{"confidence_level":0.95,"lower_bound":-0.008739794775482231,"upper_bound":0.009869835952803146},"point_estimate":0.0007763057719589739,"standard_error":0.004747751934407267},"median":{"confidence_interval":{"confidence_level":0.95,"lower_bound":0.000791421788304831,"upper_bound":0.01318772204750993},"point_estimate":0.006928810998154011,"standard_error":0.0032507982111916784}}