{"mean":{"confidence_interval":{"confidence_level":0.95,"lower_bound":-0.08876302455157281,"upper_bound":-0.0733335433475793},"point_estimate":-0.08095706367700406,"standard_error":0.003938123084727442},"median":{"confidence_interval":{"confidence_level":0.95,"lower_bound":-0.08764195685506526,"upper_bound":-0.07052945198096983},"point_estimate":-0.07718876480999315,"standard_error":0.004515982024472158}}