{"mean":{"confidence_interval":{"confidence_level":0.95,"lower_bound":0.3156864345607507,"upper_bound":0.3338658995809294},"point_estimate":0.3251689283689725,"standard_error":0.004638885680404234},"median":{"confidence_interval":{"confidence_level":0.95,"lower_bound":0.32283379773446486,"upper_bound":0.34241407288385517},"point_estimate":0.3347476900635362,"standard_error":0.005465308658653395}}