{"mean":{"confidence_interval":{"confidence_level":0.95,"lower_bound":-0.029758488244327395,"upper_bound":-0.015446574563562358},"point_estimate":-0.02246036530071982,"standard_error":0.003660576148477105},"median":{"confidence_interval":{"confidence_level":0.95,"lower_bound":-0.028110989820727683,"upper_bound":-0.016484917958181078},"point_estimate":-0.02186625543996279,"standard_error":0.0030726843536969563}}