{"mean":{"confidence_interval":{"confidence_level":0.95,"lower_bound":-0.004849921505326096,"upper_bound":0.022463079448532295},"point_estimate":0.00847192557168186,"standard_error":0.006896348888081017},"median":{"confidence_interval":{"confidence_level":0.95,"lower_bound":-0.00889078011969413,"upper_bound":0.010133522009642126},"point_estimate":-0.00252722180770637,"standard_error":0.004863195742221675}}