{"mean":{"confidence_interval":{"confidence_level":0.95,"lower_bound":-0.015748970257118723,"upper_bound":0.004175056755757098},"point_estimate":-0.005792692876995131,"standard_error":0.005069300664402588},"median":{"confidence_interval":{"confidence_level":0.95,"lower_bound":-0.018140666353237078,"upper_bound":0.00847710801149737},"point_estimate":-0.009489149084571435,"standard_error":0.007133052591326784}}