{"mean":{"confidence_interval":{"confidence_level":0.95,"lower_bound":0.09077514129934203,"upper_bound":0.1131568829733058},"point_estimate":0.10278296109379759,"standard_error":0.0057243394665619325},"median":{"confidence_interval":{"confidence_level":0.95,"lower_bound":0.10632398441327395,"upper_bound":0.12002456128351024},"point_estimate":0.11471868897496229,"standard_error":0.003470690810427242}}