{"mean":{"confidence_interval":{"confidence_level":0.95,"lower_bound":0.014980675234632645,"upper_bound":0.02201477411462761},"point_estimate":0.01849092916014272,"standard_error":0.001801311383559356},"median":{"confidence_interval":{"confidence_level":0.95,"lower_bound":0.018312174475423833,"upper_bound":0.024747511597647653},"point_estimate":0.021215830837690408,"standard_error":0.0017204391496709172}}