{"mean":{"confidence_interval":{"confidence_level":0.95,"lower_bound":0.00029028034280668345,"upper_bound":0.010740379758644891},"point_estimate":0.005391214030010749,"standard_error":0.002675695122198028},"median":{"confidence_interval":{"confidence_level":0.95,"lower_bound":-0.004878620809665168,"upper_bound":0.010969143549335314},"point_estimate":0.0023772227679281777,"standard_error":0.004130041947011849}}