{"mean":{"confidence_interval":{"confidence_level":0.95,"lower_bound":-0.029208470444643166,"upper_bound":0.005659409696267925},"point_estimate":-0.01180755236396902,"standard_error":0.008887930394276418},"median":{"confidence_interval":{"confidence_level":0.95,"lower_bound":-0.018861314933638962,"upper_bound":0.00986396036535142},"point_estimate":-0.005541114858951479,"standard_error":0.007395403065901856}}