{"mean":{"confidence_interval":{"confidence_level":0.95,"lower_bound":-0.06868279189331211,"upper_bound":-0.027932251594339597},"point_estimate":-0.04779242120630589,"standard_error":0.010404848136446298},"median":{"confidence_interval":{"confidence_level":0.95,"lower_bound":-0.02903889498965606,"upper_bound":-0.002401322488049362},"point_estimate":-0.011301496830787516,"standard_error":0.006487397694248462}}