{"mean":{"confidence_interval":{"confidence_level":0.95,"lower_bound":0.21715250942489941,"upper_bound":0.236103681439169},"point_estimate":0.22664271120140334,"standard_error":0.0048308499386804675},"median":{"confidence_interval":{"confidence_level":0.95,"lower_bound":0.22186360900630456,"upper_bound":0.23777927793989773},"point_estimate":0.2283720430769305,"standard_error":0.004480077268137814}}