{"mean":{"confidence_interval":{"confidence_level":0.95,"lower_bound":-0.1057856007190591,"upper_bound":-0.08071605064060185},"point_estimate":-0.09342706364203801,"standard_error":0.006404512018039453},"median":{"confidence_interval":{"confidence_level":0.95,"lower_bound":-0.11192625778360846,"upper_bound":-0.09192602806205563},"point_estimate":-0.10179239077155411,"standard_error":0.0050184673297162564}}