{"mean":{"confidence_interval":{"confidence_level":0.95,"lower_bound":0.4558551854993397,"upper_bound":0.47345666506531503},"point_estimate":0.4649591215756821,"standard_error":0.004496877494918868},"median":{"confidence_interval":{"confidence_level":0.95,"lower_bound":0.4643438799020525,"upper_bound":0.4857133524595252},"point_estimate":0.4766241896845036,"standard_error":0.005606038744831139}}