{"mean":{"confidence_interval":{"confidence_level":0.95,"lower_bound":-0.102624826227475,"upper_bound":-0.08449440611076478},"point_estimate":-0.09361872739059862,"standard_error":0.004625896064046508},"median":{"confidence_interval":{"confidence_level":0.95,"lower_bound":-0.10165301874149346,"upper_bound":-0.08119066538835962},"point_estimate":-0.09076562925784881,"standard_error":0.005096132436768291}}