{"mean":{"confidence_interval":{"confidence_level":0.95,"lower_bound":-0.020427950614174708,"upper_bound":-0.004710908519432872},"point_estimate":-0.012752711760072755,"standard_error":0.0039971221531297455},"median":{"confidence_interval":{"confidence_level":0.95,"lower_bound":-0.019595793695564967,"upper_bound":-0.003277118709415827},"point_estimate":-0.01003126715989977,"standard_error":0.00427230922198492}}