{"mean":{"confidence_interval":{"confidence_level":0.95,"lower_bound":0.07371881348838263,"upper_bound":0.0974171504720078},"point_estimate":0.08515438335226921,"standard_error":0.006089799726010939},"median":{"confidence_interval":{"confidence_level":0.95,"lower_bound":0.08022095475292268,"upper_bound":0.09471898392987632},"point_estimate":0.08766605969874375,"standard_error":0.003651979683521108}}