{"mean":{"confidence_interval":{"confidence_level":0.95,"lower_bound":0.0364126952296229,"upper_bound":0.05770594524402024},"point_estimate":0.04741302921506296,"standard_error":0.005558318661216579},"median":{"confidence_interval":{"confidence_level":0.95,"lower_bound":0.030064026009310796,"upper_bound":0.04755198582605616},"point_estimate":0.0379163210326845,"standard_error":0.004346717173978712}}