{"mean":{"confidence_interval":{"confidence_level":0.95,"lower_bound":0.018374658603497882,"upper_bound":0.033301269074743026},"point_estimate":0.02535212874192605,"standard_error":0.0038398527086701967},"median":{"confidence_interval":{"confidence_level":0.95,"lower_bound":0.014598546289340986,"upper_bound":0.028610041771591543},"point_estimate":0.020157216361576857,"standard_error":0.0032494991414733824}}