{"mean":{"confidence_interval":{"confidence_level":0.95,"lower_bound":0.007004945754078009,"upper_bound":0.022268076037146686},"point_estimate":0.014683097616076779,"standard_error":0.003887974787006888},"median":{"confidence_interval":{"confidence_level":0.95,"lower_bound":0.011753898258478834,"upper_bound":0.02606427870577699},"point_estimate":0.019878408731972996,"standard_error":0.003350315433662465}}