{"mean":{"confidence_interval":{"confidence_level":0.95,"lower_bound":0.5739386429178641,"upper_bound":0.5977614059838399},"point_estimate":0.5856869480917137,"standard_error":0.0060925710150045885},"median":{"confidence_interval":{"confidence_level":0.95,"lower_bound":0.5804878146514503,"upper_bound":0.6020984669045406},"point_estimate":0.5928547246033937,"standard_error":0.004900659875369262}}