{"mean":{"confidence_interval":{"confidence_level":0.95,"lower_bound":-0.6882087591233436,"upper_bound":-0.6846788753228136},"point_estimate":-0.6864621463114009,"standard_error":0.000901617626004553},"median":{"confidence_interval":{"confidence_level":0.95,"lower_bound":-0.6897275008085213,"upper_bound":-0.6861963301446103},"point_estimate":-0.6879549623701193,"standard_error":0.0008602185076031655}}