{"mean":{"confidence_interval":{"confidence_level":0.95,"lower_bound":-0.01309745584336965,"upper_bound":-0.003878875636247789},"point_estimate":-0.00838783232016782,"standard_error":0.002354794555200212},"median":{"confidence_interval":{"confidence_level":0.95,"lower_bound":-0.009487495124755108,"upper_bound":-0.0032529801088381216},"point_estimate":-0.005777740668479359,"standard_error":0.001587427849339946}}