{"mean":{"confidence_interval":{"confidence_level":0.95,"lower_bound":-0.01592398487839898,"upper_bound":0.0007764935630545331},"point_estimate":-0.006841022186009682,"standard_error":0.004259861191546253},"median":{"confidence_interval":{"confidence_level":0.95,"lower_bound":-0.013811477098605418,"upper_bound":-0.0039373575355898804},"point_estimate":-0.008439847187883265,"standard_error":0.002525693215830958}}