{"mean":{"confidence_interval":{"confidence_level":0.95,"lower_bound":0.007458637964219823,"upper_bound":0.03180659673943741},"point_estimate":0.019428028447270762,"standard_error":0.006214097017252332},"median":{"confidence_interval":{"confidence_level":0.95,"lower_bound":0.018052981165046722,"upper_bound":0.05624418879114601},"point_estimate":0.03395794576798283,"standard_error":0.010313733969210927}}