{"mean":{"confidence_interval":{"confidence_level":0.95,"lower_bound":4280362.295083335,"upper_bound":4300155.870645835},"point_estimate":4290210.5408333335,"standard_error":5051.400455171634},"median":{"confidence_interval":{"confidence_level":0.95,"lower_bound":4268139.083333333,"upper_bound":4296700.583333334},"point_estimate":4285346.041666667,"standard_error":7259.729776897683},"median_abs_dev":{"confidence_interval":{"confidence_level":0.95,"lower_bound":41820.12988254474,"upper_bound":65071.8688197427},"point_estimate":54072.088965029216,"standard_error":5884.692268837468},"slope":null,"std_dev":{"confidence_interval":{"confidence_level":0.95,"lower_bound":44211.58647239888,"upper_bound":56638.680091555296},"point_estimate":50868.769691801666,"standard_error":3171.0078718883865}}