{"mean":{"confidence_interval":{"confidence_level":0.95,"lower_bound":8911913.553250002,"upper_bound":9039623.089499999},"point_estimate":8974008.153333334,"standard_error":32500.027081637458},"median":{"confidence_interval":{"confidence_level":0.95,"lower_bound":8876370.833333334,"upper_bound":9000300.5},"point_estimate":8939008.083333332,"standard_error":32788.00217114057},"median_abs_dev":{"confidence_interval":{"confidence_level":0.95,"lower_bound":214920.78093439157,"upper_bound":378041.4955884218},"point_estimate":292210.9414622183,"standard_error":43994.17191076521},"slope":null,"std_dev":{"confidence_interval":{"confidence_level":0.95,"lower_bound":263464.76861817564,"upper_bound":389376.00288264366},"point_estimate":328412.49530422076,"standard_error":32155.095165798415}}