{"mean":{"confidence_interval":{"confidence_level":0.95,"lower_bound":3641082.247142857,"upper_bound":3676472.34030357},"point_estimate":3657706.2335714297,"standard_error":9025.103104917695},"median":{"confidence_interval":{"confidence_level":0.95,"lower_bound":3622118.214285714,"upper_bound":3640994.214285714},"point_estimate":3632030.4642857146,"standard_error":4879.553095077999},"median_abs_dev":{"confidence_interval":{"confidence_level":0.95,"lower_bound":33783.793800217616,"upper_bound":61557.02140714421},"point_estimate":46887.224167585715,"standard_error":7154.873890818346},"slope":null,"std_dev":{"confidence_interval":{"confidence_level":0.95,"lower_bound":63372.18289815382,"upper_bound":117869.817036009},"point_estimate":90578.03618976241,"standard_error":14139.024050723452}}