{"mean":{"confidence_interval":{"confidence_level":0.95,"lower_bound":-0.005795931011612295,"upper_bound":0.011323122047655182},"point_estimate":0.0024033638763463205,"standard_error":0.004411039260279884},"median":{"confidence_interval":{"confidence_level":0.95,"lower_bound":-0.013818418572044022,"upper_bound":0.00039372823450323224},"point_estimate":-0.006742583119135781,"standard_error":0.0035746613195262508}}