{"mean":{"confidence_interval":{"confidence_level":0.95,"lower_bound":0.02346925381785169,"upper_bound":0.03457201624185706},"point_estimate":0.028990256023274208,"standard_error":0.0027984650102347106},"median":{"confidence_interval":{"confidence_level":0.95,"lower_bound":0.02348261537015396,"upper_bound":0.031143474265777238},"point_estimate":0.02589438394172694,"standard_error":0.0018453121060652885}}