{"mean":{"confidence_interval":{"confidence_level":0.95,"lower_bound":-0.15742003496273596,"upper_bound":-0.15276431115597827},"point_estimate":-0.15507540758659522,"standard_error":0.001189105252702659},"median":{"confidence_interval":{"confidence_level":0.95,"lower_bound":-0.15600839311099413,"upper_bound":-0.15047221743657058},"point_estimate":-0.15335540127411418,"standard_error":0.00139827739572737}}