{"mean":{"confidence_interval":{"confidence_level":0.95,"lower_bound":-0.008748146453636576,"upper_bound":-0.0008162652900417307},"point_estimate":-0.004541618396254998,"standard_error":0.002025747250707736},"median":{"confidence_interval":{"confidence_level":0.95,"lower_bound":-0.0068430233796406,"upper_bound":0.0007474056290881492},"point_estimate":-0.0024106775392673807,"standard_error":0.0019282853520705427}}