{"mean":{"confidence_interval":{"confidence_level":0.95,"lower_bound":-0.022303670663906337,"upper_bound":0.05085048388412797},"point_estimate":0.014134880227710589,"standard_error":0.018598176432340362},"median":{"confidence_interval":{"confidence_level":0.95,"lower_bound":-0.02103389443163077,"upper_bound":0.027465346350939633},"point_estimate":0.004011636599841495,"standard_error":0.011968488251643043}}