{"mean":{"confidence_interval":{"confidence_level":0.95,"lower_bound":-0.4387898906410927,"upper_bound":-0.4040701737189767},"point_estimate":-0.42205745812775997,"standard_error":0.008841346815225557},"median":{"confidence_interval":{"confidence_level":0.95,"lower_bound":-0.45334165012228156,"upper_bound":-0.4283641367634856},"point_estimate":-0.4416286300554102,"standard_error":0.006260493518406444}}