{"mean":{"confidence_interval":{"confidence_level":0.95,"lower_bound":-0.036848851015222804,"upper_bound":0.03404825111433143},"point_estimate":-0.0019718709525203826,"standard_error":0.018131567434599545},"median":{"confidence_interval":{"confidence_level":0.95,"lower_bound":-0.04194634081173898,"upper_bound":0.00872799053716089},"point_estimate":-0.017757374754925115,"standard_error":0.012710914641005978}}