{"mean":{"confidence_interval":{"confidence_level":0.95,"lower_bound":-0.0021798029728923693,"upper_bound":0.005489136122298344},"point_estimate":0.0015380331227590194,"standard_error":0.0019500141477323814},"median":{"confidence_interval":{"confidence_level":0.95,"lower_bound":-0.0019149486851018915,"upper_bound":0.00530230604308346},"point_estimate":0.0026017262724997714,"standard_error":0.0019433434389492762}}