{"mean":{"confidence_interval":{"confidence_level":0.95,"lower_bound":503583.3621602379,"upper_bound":507177.6196065732},"point_estimate":505276.6049598673,"standard_error":914.4970734074549},"median":{"confidence_interval":{"confidence_level":0.95,"lower_bound":502650.4,"upper_bound":506316.34},"point_estimate":504609.29004884005,"standard_error":1112.0137056848648},"median_abs_dev":{"confidence_interval":{"confidence_level":0.95,"lower_bound":4648.301006806551,"upper_bound":8140.093996157809},"point_estimate":6526.3154202292335,"standard_error":889.4953342957517},"slope":{"confidence_interval":{"confidence_level":0.95,"lower_bound":504315.7379611757,"upper_bound":506548.628648366},"point_estimate":505420.40653169795,"standard_error":569.7875252724699},"std_dev":{"confidence_interval":{"confidence_level":0.95,"lower_bound":6148.849116289802,"upper_bound":12327.527782291201},"point_estimate":9194.056243038467,"standard_error":1624.6318738725788}}