{"mean":{"confidence_interval":{"confidence_level":0.95,"lower_bound":0.00013422527022283757,"upper_bound":0.011160604249669907},"point_estimate":0.005617868076754906,"standard_error":0.002807123478252132},"median":{"confidence_interval":{"confidence_level":0.95,"lower_bound":-0.004633804417838117,"upper_bound":0.016830395804187992},"point_estimate":0.011163151627728629,"standard_error":0.005776877830788313}}