{"mean":{"confidence_interval":{"confidence_level":0.95,"lower_bound":-0.18307591384955563,"upper_bound":-0.022638987175439534},"point_estimate":-0.08882448552180844,"standard_error":0.04457396693090751},"median":{"confidence_interval":{"confidence_level":0.95,"lower_bound":-0.027338245258972216,"upper_bound":-0.008970467921854075},"point_estimate":-0.019668072152390637,"standard_error":0.004676107561479977}}