{"mean":{"confidence_interval":{"confidence_level":0.95,"lower_bound":0.007747494961819357,"upper_bound":0.024526171139330494},"point_estimate":0.015754068289536072,"standard_error":0.004302441678195468},"median":{"confidence_interval":{"confidence_level":0.95,"lower_bound":0.006371548407349109,"upper_bound":0.017956748504766695},"point_estimate":0.012319897219711828,"standard_error":0.002988027371530838}}