{"mean":{"confidence_interval":{"confidence_level":0.95,"lower_bound":-0.28289085310203943,"upper_bound":-0.23508548888174877},"point_estimate":-0.26213213892539045,"standard_error":0.012453094136154719},"median":{"confidence_interval":{"confidence_level":0.95,"lower_bound":-0.24492928937633995,"upper_bound":-0.23289005036575772},"point_estimate":-0.23915336214146787,"standard_error":0.0031305906074640564}}