{"mean":{"confidence_interval":{"confidence_level":0.95,"lower_bound":0.025559217832791616,"upper_bound":0.04349195312520049},"point_estimate":0.03468196479699537,"standard_error":0.004577864748167251},"median":{"confidence_interval":{"confidence_level":0.95,"lower_bound":0.011110479151434705,"upper_bound":0.04098973165433728},"point_estimate":0.022982052971270317,"standard_error":0.007608404107702082}}