{"mean":{"confidence_interval":{"confidence_level":0.95,"lower_bound":-0.003942671972841528,"upper_bound":0.19173020351260678},"point_estimate":0.07075854827468686,"standard_error":0.05142850319951022},"median":{"confidence_interval":{"confidence_level":0.95,"lower_bound":-0.01547168385653186,"upper_bound":0.0018819116180954776},"point_estimate":-0.005074548628823616,"standard_error":0.004384572656262118}}