{"mean":{"confidence_interval":{"confidence_level":0.95,"lower_bound":-0.18991246891007157,"upper_bound":-0.034587709284106614},"point_estimate":-0.0985080141970146,"standard_error":0.04363111070379952},"median":{"confidence_interval":{"confidence_level":0.95,"lower_bound":-0.028211096297226845,"upper_bound":-0.011825607426177553},"point_estimate":-0.02029811977677265,"standard_error":0.004214993110466002}}