{"mean":{"confidence_interval":{"confidence_level":0.95,"lower_bound":0.011744027270166414,"upper_bound":0.020483285979976583},"point_estimate":0.016022201312424933,"standard_error":0.0022007406267336963},"median":{"confidence_interval":{"confidence_level":0.95,"lower_bound":0.009616768272108223,"upper_bound":0.01751021859627877},"point_estimate":0.013382200198838401,"standard_error":0.0019790698103594327}}