{"mean":{"confidence_interval":{"confidence_level":0.95,"lower_bound":0.0004603569814843199,"upper_bound":0.008713569409047656},"point_estimate":0.005443141029713994,"standard_error":0.0021906532602406544},"median":{"confidence_interval":{"confidence_level":0.95,"lower_bound":0.00668862589921515,"upper_bound":0.010937784416202856},"point_estimate":0.00938720829237738,"standard_error":0.001143929362696081}}