{"mean":{"confidence_interval":{"confidence_level":0.95,"lower_bound":-0.16768334395416207,"upper_bound":-0.16309766701573572},"point_estimate":-0.1652685925546581,"standard_error":0.0011726694305558773},"median":{"confidence_interval":{"confidence_level":0.95,"lower_bound":-0.16561561918473033,"upper_bound":-0.15964343441119924},"point_estimate":-0.1617658597067414,"standard_error":0.0016327760213092543}}