{"mean":{"confidence_interval":{"confidence_level":0.95,"lower_bound":0.1412573496601595,"upper_bound":0.21373966046929763},"point_estimate":0.1734884591921908,"standard_error":0.0183650082003086},"median":{"confidence_interval":{"confidence_level":0.95,"lower_bound":0.10549959086155636,"upper_bound":0.1524463441200965},"point_estimate":0.1330660492081337,"standard_error":0.010146914254957305}}