{"mean":{"confidence_interval":{"confidence_level":0.95,"lower_bound":-0.03431533982788182,"upper_bound":-0.024473650421929224},"point_estimate":-0.0292458531110672,"standard_error":0.0025107122017015713},"median":{"confidence_interval":{"confidence_level":0.95,"lower_bound":-0.030449041983456684,"upper_bound":-0.021480841944321538},"point_estimate":-0.02694441145538118,"standard_error":0.0023234802131326775}}