{"mean":{"confidence_interval":{"confidence_level":0.95,"lower_bound":0.19708692796768051,"upper_bound":0.20922666035775683},"point_estimate":0.20370344864748002,"standard_error":0.003092141259551417},"median":{"confidence_interval":{"confidence_level":0.95,"lower_bound":0.203913716403898,"upper_bound":0.20645000337646668},"point_estimate":0.20487086363003515,"standard_error":0.000608040625615602}}