{"mean":{"confidence_interval":{"confidence_level":0.95,"lower_bound":-0.015961286229978198,"upper_bound":-0.006008305617897985},"point_estimate":-0.011346823525098304,"standard_error":0.0025256898316127732},"median":{"confidence_interval":{"confidence_level":0.95,"lower_bound":-0.012887548686998596,"upper_bound":-0.012051349900788377},"point_estimate":-0.012474991288998538,"standard_error":0.00020238538527262958}}