{"mean":{"confidence_interval":{"confidence_level":0.95,"lower_bound":0.04298964528688714,"upper_bound":0.09424226943466779},"point_estimate":0.06815563444255712,"standard_error":0.013199683037277034},"median":{"confidence_interval":{"confidence_level":0.95,"lower_bound":0.037979909577515736,"upper_bound":0.0856600934637699},"point_estimate":0.06284797710064205,"standard_error":0.011662266231125432}}