{"mean":{"confidence_interval":{"confidence_level":0.95,"lower_bound":-0.13265086482197544,"upper_bound":-0.11312455635482259},"point_estimate":-0.12303943387837268,"standard_error":0.004948179152062492},"median":{"confidence_interval":{"confidence_level":0.95,"lower_bound":-0.1410800644814615,"upper_bound":-0.12306668278226418},"point_estimate":-0.13090594936643685,"standard_error":0.004804059232609426}}