{"mean":{"confidence_interval":{"confidence_level":0.95,"lower_bound":-0.5739418038758529,"upper_bound":-0.5689487328590178},"point_estimate":-0.5713706280251334,"standard_error":0.0012752356959092796},"median":{"confidence_interval":{"confidence_level":0.95,"lower_bound":-0.5723951413137814,"upper_bound":-0.5671737101342252},"point_estimate":-0.570256354281309,"standard_error":0.001392722495177313}}