{"mean":{"confidence_interval":{"confidence_level":0.95,"lower_bound":0.005523267211848815,"upper_bound":0.019924559870252396},"point_estimate":0.012788192474856075,"standard_error":0.003696725648746399},"median":{"confidence_interval":{"confidence_level":0.95,"lower_bound":0.003732263989404183,"upper_bound":0.02223227856248222},"point_estimate":0.01397940491952232,"standard_error":0.004699862666995317}}