{"mean":{"confidence_interval":{"confidence_level":0.95,"lower_bound":-0.0018994191730338228,"upper_bound":0.01037483938462646},"point_estimate":0.004475072903872279,"standard_error":0.00312238856903288},"median":{"confidence_interval":{"confidence_level":0.95,"lower_bound":-0.005510118203295494,"upper_bound":0.011469013789821236},"point_estimate":0.003103066551881639,"standard_error":0.003929139194118539}}