{"mean":{"confidence_interval":{"confidence_level":0.95,"lower_bound":64643.32263594148,"upper_bound":65866.81613740811},"point_estimate":65109.15417261947,"standard_error":334.5939445726483},"median":{"confidence_interval":{"confidence_level":0.95,"lower_bound":64504.11684782609,"upper_bound":64928.37215909091},"point_estimate":64635.12562669377,"standard_error":120.30763260335313},"median_abs_dev":{"confidence_interval":{"confidence_level":0.95,"lower_bound":612.9171631915057,"upper_bound":1011.7446001004369},"point_estimate":755.5483157803026,"standard_error":101.96872130489396},"slope":{"confidence_interval":{"confidence_level":0.95,"lower_bound":64524.45299980467,"upper_bound":64783.780021475526},"point_estimate":64655.42597716861,"standard_error":66.15553835578359},"std_dev":{"confidence_interval":{"confidence_level":0.95,"lower_bound":806.783299711701,"upper_bound":5633.624151534658},"point_estimate":3370.243750142005,"standard_error":1639.0493037780595}}