{"mean":{"confidence_interval":{"confidence_level":0.95,"lower_bound":134644.15667848423,"upper_bound":134731.52266451292},"point_estimate":134686.12224489785,"standard_error":22.360924296056027},"median":{"confidence_interval":{"confidence_level":0.95,"lower_bound":134601.94444444444,"upper_bound":134672.20047257227},"point_estimate":134631.3607085346,"standard_error":15.954975560622225},"median_abs_dev":{"confidence_interval":{"confidence_level":0.95,"lower_bound":98.93993757611744,"upper_bound":164.53129619275498},"point_estimate":132.37716941735655,"standard_error":17.003528274170097},"slope":{"confidence_interval":{"confidence_level":0.95,"lower_bound":134663.0243994286,"upper_bound":134739.69208834067},"point_estimate":134698.50169942368,"standard_error":19.615079390537897},"std_dev":{"confidence_interval":{"confidence_level":0.95,"lower_bound":169.84586412442204,"upper_bound":273.414850576227},"point_estimate":224.88215752273499,"standard_error":26.55749632387666}}