{"mean":{"confidence_interval":{"confidence_level":0.95,"lower_bound":120.820696215225,"upper_bound":121.2461537499659},"point_estimate":121.02293741255141,"standard_error":0.10865775593551331},"median":{"confidence_interval":{"confidence_level":0.95,"lower_bound":120.57926216257516,"upper_bound":120.71371541364223},"point_estimate":120.6350269217157,"standard_error":0.037881261427333404},"median_abs_dev":{"confidence_interval":{"confidence_level":0.95,"lower_bound":0.23161052137933127,"upper_bound":0.57140711058708},"point_estimate":0.3376409350623498,"standard_error":0.09272120641773675},"slope":{"confidence_interval":{"confidence_level":0.95,"lower_bound":120.77671879527145,"upper_bound":121.34588708756272},"point_estimate":121.03563232343232,"standard_error":0.14580283280996253},"std_dev":{"confidence_interval":{"confidence_level":0.95,"lower_bound":0.7929149353761222,"upper_bound":1.3423561162128432},"point_estimate":1.0896305385172291,"standard_error":0.1402196660901194}}