{"mean":{"confidence_interval":{"confidence_level":0.95,"lower_bound":2888006.663888891,"upper_bound":2907320.941666667},"point_estimate":2895818.277777778,"standard_error":5049.968531622566},"median":{"confidence_interval":{"confidence_level":0.95,"lower_bound":2879461.111111111,"upper_bound":2895577.777777778},"point_estimate":2888336.111111111,"standard_error":4057.2500804305087},"median_abs_dev":{"confidence_interval":{"confidence_level":0.95,"lower_bound":16741.024702787516,"upper_bound":28342.369496822128},"point_estimate":25447.1812148887,"standard_error":2992.9243230855323},"slope":null,"std_dev":{"confidence_interval":{"confidence_level":0.95,"lower_bound":19749.54417258626,"upper_bound":81786.26299643514},"point_estimate":50728.80106824967,"standard_error":20683.283586589285}}