{"mean":{"confidence_interval":{"confidence_level":0.95,"lower_bound":-0.11995210400057002,"upper_bound":-0.10388775904682586},"point_estimate":-0.11195981343641426,"standard_error":0.0041115043645393754},"median":{"confidence_interval":{"confidence_level":0.95,"lower_bound":-0.11555119118777224,"upper_bound":-0.10824813875354367},"point_estimate":-0.11253529432406495,"standard_error":0.0018172683500640885}}