{"mean":{"confidence_interval":{"confidence_level":0.95,"lower_bound":-0.010547519729696975,"upper_bound":0.0021760150223909627},"point_estimate":-0.003876000631365395,"standard_error":0.0032413923750381473},"median":{"confidence_interval":{"confidence_level":0.95,"lower_bound":0.00018822274458362627,"upper_bound":0.007897948442100011},"point_estimate":0.004680278984360964,"standard_error":0.001981342434688158}}