{"mean":{"confidence_interval":{"confidence_level":0.95,"lower_bound":12373006.264399998,"upper_bound":12555319.203550003},"point_estimate":12459187.72800001,"standard_error":46503.80003323869},"median":{"confidence_interval":{"confidence_level":0.95,"lower_bound":12258564.8,"upper_bound":12411542.4},"point_estimate":12341161.0,"standard_error":40008.3651690685},"median_abs_dev":{"confidence_interval":{"confidence_level":0.95,"lower_bound":200315.58357618644,"upper_bound":392349.7714143975},"point_estimate":257484.76828873102,"standard_error":47700.19987022962},"slope":null,"std_dev":{"confidence_interval":{"confidence_level":0.95,"lower_bound":338537.86504401825,"upper_bound":595762.7894212125},"point_estimate":467361.9020478894,"standard_error":66613.9179413838}}