{"mean":{"confidence_interval":{"confidence_level":0.95,"lower_bound":8829903.869125001,"upper_bound":8948991.891125001},"point_estimate":8889198.253333332,"standard_error":30498.534660239588},"median":{"confidence_interval":{"confidence_level":0.95,"lower_bound":8817361.166666668,"upper_bound":8968180.5},"point_estimate":8900418.583333332,"standard_error":32890.65362449576},"median_abs_dev":{"confidence_interval":{"confidence_level":0.95,"lower_bound":281121.09365910385,"upper_bound":491335.11387705803},"point_estimate":385590.1533544091,"standard_error":53465.94622789418},"slope":null,"std_dev":{"confidence_interval":{"confidence_level":0.95,"lower_bound":274295.07998108957,"upper_bound":332169.36955504114},"point_estimate":305577.6077300714,"standard_error":14756.525569711686}}