{"mean":{"confidence_interval":{"confidence_level":0.95,"lower_bound":25982.636482929658,"upper_bound":26142.92590309153},"point_estimate":26059.17376706064,"standard_error":40.88573587390131},"median":{"confidence_interval":{"confidence_level":0.95,"lower_bound":25892.529824561403,"upper_bound":26061.99806501548},"point_estimate":25968.217663476873,"standard_error":44.20543072495164},"median_abs_dev":{"confidence_interval":{"confidence_level":0.95,"lower_bound":227.02853982908945,"upper_bound":380.12384779024774},"point_estimate":295.0368640032694,"standard_error":40.39082589719881},"slope":{"confidence_interval":{"confidence_level":0.95,"lower_bound":25965.22634837601,"upper_bound":26135.94437236731},"point_estimate":26049.556871738234,"standard_error":43.49778484496847},"std_dev":{"confidence_interval":{"confidence_level":0.95,"lower_bound":304.7794845152688,"upper_bound":510.20489119552485},"point_estimate":411.0999385349997,"standard_error":52.809257080903485}}