{"mean":{"confidence_interval":{"confidence_level":0.95,"lower_bound":-0.0009288847446872829,"upper_bound":0.006697995160877915},"point_estimate":0.0028604457672360972,"standard_error":0.001937481265971023},"median":{"confidence_interval":{"confidence_level":0.95,"lower_bound":-0.00851589244857065,"upper_bound":0.006817520157680779},"point_estimate":0.0011510659790190392,"standard_error":0.003760598630719254}}