{"mean":{"confidence_interval":{"confidence_level":0.95,"lower_bound":-0.5517041471744191,"upper_bound":-0.5480751306923073},"point_estimate":-0.5497960152404491,"standard_error":0.0009221817436924031},"median":{"confidence_interval":{"confidence_level":0.95,"lower_bound":-0.5509387099432725,"upper_bound":-0.5463423791406199},"point_estimate":-0.5495033922239636,"standard_error":0.0012187475604598169}}