{"mean":{"confidence_interval":{"confidence_level":0.95,"lower_bound":0.0312276368876122,"upper_bound":0.035385418467511205},"point_estimate":0.033594217020294304,"standard_error":0.0010745209632595136},"median":{"confidence_interval":{"confidence_level":0.95,"lower_bound":0.036290596004519005,"upper_bound":0.03717136210619998},"point_estimate":0.03673854261452236,"standard_error":0.0002340209087061725}}