{"mean":{"confidence_interval":{"confidence_level":0.95,"lower_bound":-0.0038471451556962816,"upper_bound":0.0063224282692769885},"point_estimate":0.0018210882209503954,"standard_error":0.002595020283198614},"median":{"confidence_interval":{"confidence_level":0.95,"lower_bound":-0.001481217253946232,"upper_bound":0.005251639676764119},"point_estimate":0.0026527367518065503,"standard_error":0.0017150809956567228}}