{"mean":{"confidence_interval":{"confidence_level":0.95,"lower_bound":-0.03714645517479141,"upper_bound":-0.027950546583004936},"point_estimate":-0.032817297537074186,"standard_error":0.002343530474475612},"median":{"confidence_interval":{"confidence_level":0.95,"lower_bound":-0.03717309509039679,"upper_bound":-0.035756301111049105},"point_estimate":-0.03649276951021552,"standard_error":0.00033424668567256914}}