{"mean":{"confidence_interval":{"confidence_level":0.95,"lower_bound":-0.10593518288832676,"upper_bound":-0.1008595246812908},"point_estimate":-0.10410071175325497,"standard_error":0.0013597303396068988},"median":{"confidence_interval":{"confidence_level":0.95,"lower_bound":-0.10638833157389993,"upper_bound":-0.10593217186375559},"point_estimate":-0.1061908654396968,"standard_error":0.00011836512078243198}}