{"mean":{"confidence_interval":{"confidence_level":0.95,"lower_bound":-0.014971297938883143,"upper_bound":-0.013512500127404098},"point_estimate":-0.014229822340309117,"standard_error":0.00037200028461710244},"median":{"confidence_interval":{"confidence_level":0.95,"lower_bound":-0.015866664548929044,"upper_bound":-0.014689380399549923},"point_estimate":-0.015282752591509241,"standard_error":0.0003113874195057693}}