{"mean":{"confidence_interval":{"confidence_level":0.95,"lower_bound":-0.016475297128504138,"upper_bound":-0.0045271444533257306},"point_estimate":-0.010653208638944478,"standard_error":0.0030060688041420418},"median":{"confidence_interval":{"confidence_level":0.95,"lower_bound":-0.01447092219512014,"upper_bound":-0.007527290678828957},"point_estimate":-0.010867135719107246,"standard_error":0.0017964639277733784}}