{"mean":{"confidence_interval":{"confidence_level":0.95,"lower_bound":0.08420310651257597,"upper_bound":0.10306336334504804},"point_estimate":0.09360685035518523,"standard_error":0.0047809025196178575},"median":{"confidence_interval":{"confidence_level":0.95,"lower_bound":0.07725423738390647,"upper_bound":0.08770628066303643},"point_estimate":0.08317841102522405,"standard_error":0.0025281714570720357}}