{"mean":{"confidence_interval":{"confidence_level":0.95,"lower_bound":0.1894584634631516,"upper_bound":0.22174872304368437},"point_estimate":0.20516077226743712,"standard_error":0.00828049178484013},"median":{"confidence_interval":{"confidence_level":0.95,"lower_bound":0.17834350454015002,"upper_bound":0.20297004951713893},"point_estimate":0.1882489209055438,"standard_error":0.005933652564953058}}