{"mean":{"confidence_interval":{"confidence_level":0.95,"lower_bound":-0.03099240794833629,"upper_bound":0.08392646517011888},"point_estimate":0.02350879283367946,"standard_error":0.029352189704932856},"median":{"confidence_interval":{"confidence_level":0.95,"lower_bound":-0.04246362265434278,"upper_bound":0.2811715983106684},"point_estimate":0.03817067391341178,"standard_error":0.08219166325004985}}