{"mean":{"confidence_interval":{"confidence_level":0.95,"lower_bound":-0.031923746437909746,"upper_bound":-0.023995692114227692},"point_estimate":-0.028089813599994184,"standard_error":0.002011559022248312},"median":{"confidence_interval":{"confidence_level":0.95,"lower_bound":-0.028470586675382492,"upper_bound":-0.0244865243507721},"point_estimate":-0.02585441251199827,"standard_error":0.0010103146248490182}}