{"mean":{"confidence_interval":{"confidence_level":0.95,"lower_bound":0.10602869821266997,"upper_bound":0.13935436668584553},"point_estimate":0.12317484398379364,"standard_error":0.008476590773019654},"median":{"confidence_interval":{"confidence_level":0.95,"lower_bound":0.11947547327784314,"upper_bound":0.13716406521290314},"point_estimate":0.12790002727768757,"standard_error":0.004456461712690081}}