{"mean":{"confidence_interval":{"confidence_level":0.95,"lower_bound":0.25443004427220794,"upper_bound":0.362027295396252},"point_estimate":0.3066927961628485,"standard_error":0.02753860610500303},"median":{"confidence_interval":{"confidence_level":0.95,"lower_bound":0.3771158351333097,"upper_bound":0.5364309694997551},"point_estimate":0.47665162621825874,"standard_error":0.042170097844255884}}