{"mean":{"confidence_interval":{"confidence_level":0.95,"lower_bound":0.08419670701067673,"upper_bound":0.2167742205140107},"point_estimate":0.14871490136296517,"standard_error":0.033893719442254826},"median":{"confidence_interval":{"confidence_level":0.95,"lower_bound":0.10240354915458427,"upper_bound":0.2394274865085524},"point_estimate":0.1559596932679863,"standard_error":0.034839442787990914}}