{"mean":{"confidence_interval":{"confidence_level":0.95,"lower_bound":2952844.861930556,"upper_bound":2969254.525555555},"point_estimate":2960849.452777778,"standard_error":4186.946140873353},"median":{"confidence_interval":{"confidence_level":0.95,"lower_bound":2947055.5555555555,"upper_bound":2968729.111111111},"point_estimate":2957944.9444444445,"standard_error":5562.028949801285},"median_abs_dev":{"confidence_interval":{"confidence_level":0.95,"lower_bound":31340.927943587765,"upper_bound":47692.4406866231},"point_estimate":40222.566635906696,"standard_error":4188.1378371159235},"slope":null,"std_dev":{"confidence_interval":{"confidence_level":0.95,"lower_bound":33528.41208891187,"upper_bound":50564.75089130994},"point_estimate":41997.11575736239,"standard_error":4384.893689554145}}