{"mean":{"confidence_interval":{"confidence_level":0.95,"lower_bound":5465952.355,"upper_bound":5548620.41},"point_estimate":5503545.6,"standard_error":21158.21837577554},"median":{"confidence_interval":{"confidence_level":0.95,"lower_bound":5438520.0,"upper_bound":5460915.0},"point_estimate":5448695.0,"standard_error":5907.8962521981875},"median_abs_dev":{"confidence_interval":{"confidence_level":0.95,"lower_bound":32669.090420007706,"upper_bound":58407.02596306801},"point_estimate":41453.495264053345,"standard_error":6443.683720172507},"slope":null,"std_dev":{"confidence_interval":{"confidence_level":0.95,"lower_bound":119441.85360345751,"upper_bound":281890.0264308373},"point_estimate":212264.99783929795,"standard_error":41257.56385819605}}