{"mean":{"confidence_interval":{"confidence_level":0.95,"lower_bound":4450985.158333333,"upper_bound":4466646.749999997},"point_estimate":4458503.5,"standard_error":3988.982560150247},"median":{"confidence_interval":{"confidence_level":0.95,"lower_bound":4441920.833333334,"upper_bound":4462395.833333334},"point_estimate":4449900.0,"standard_error":6284.086642790996},"median_abs_dev":{"confidence_interval":{"confidence_level":0.95,"lower_bound":28496.806994080755,"upper_bound":45151.346698403126},"point_estimate":37485.06933450653,"standard_error":4209.2643112775295},"slope":null,"std_dev":{"confidence_interval":{"confidence_level":0.95,"lower_bound":30521.39839197151,"upper_bound":50157.56655997985},"point_estimate":40016.29394530084,"standard_error":5145.758559867364}}