{"mean":{"confidence_interval":{"confidence_level":0.95,"lower_bound":2872324.4346029423,"upper_bound":2895164.9620588236},"point_estimate":2883649.1541176485,"standard_error":5824.840475074643},"median":{"confidence_interval":{"confidence_level":0.95,"lower_bound":2864126.205882353,"upper_bound":2890319.029411765},"point_estimate":2880452.5,"standard_error":7036.805423933728},"median_abs_dev":{"confidence_interval":{"confidence_level":0.95,"lower_bound":52746.89532237884,"upper_bound":82312.81678571412},"point_estimate":63227.04568926024,"standard_error":7815.817329203706},"slope":null,"std_dev":{"confidence_interval":{"confidence_level":0.95,"lower_bound":51383.919984683496,"upper_bound":64958.073674627034},"point_estimate":58636.16784472935,"standard_error":3460.482247769803}}