{"mean":{"confidence_interval":{"confidence_level":0.95,"lower_bound":6466456.3625,"upper_bound":6533948.09375},"point_estimate":6496937.75,"standard_error":17338.564468232318},"median":{"confidence_interval":{"confidence_level":0.95,"lower_bound":6425175.0,"upper_bound":6440618.75},"point_estimate":6430156.25,"standard_error":4268.627380977633},"median_abs_dev":{"confidence_interval":{"confidence_level":0.95,"lower_bound":14158.829748630524,"upper_bound":46155.19043058157},"point_estimate":24490.69831520319,"standard_error":8018.6523098635125},"slope":null,"std_dev":{"confidence_interval":{"confidence_level":0.95,"lower_bound":93935.02549093006,"upper_bound":237986.95276054883},"point_estimate":174057.85867340842,"standard_error":36325.79031026909}}