{"mean":{"confidence_interval":{"confidence_level":0.95,"lower_bound":2302717.391641305,"upper_bound":2320024.351173913},"point_estimate":2310955.340000001,"standard_error":4410.022127286638},"median":{"confidence_interval":{"confidence_level":0.95,"lower_bound":2294669.074456522,"upper_bound":2310388.9130434785},"point_estimate":2302105.7391304346,"standard_error":3889.659616740771},"median_abs_dev":{"confidence_interval":{"confidence_level":0.95,"lower_bound":26065.847980716924,"upper_bound":40411.13079125425},"point_estimate":31966.37026291852,"standard_error":3624.3175165349526},"slope":null,"std_dev":{"confidence_interval":{"confidence_level":0.95,"lower_bound":32952.325856531446,"upper_bound":54752.27828424173},"point_estimate":44229.04687526111,"standard_error":5587.150809295508}}