{"mean":{"confidence_interval":{"confidence_level":0.95,"lower_bound":2508184.043523811,"upper_bound":2517973.3827738087},"point_estimate":2512804.9490476195,"standard_error":2504.449475942824},"median":{"confidence_interval":{"confidence_level":0.95,"lower_bound":2504281.9523809524,"upper_bound":2514991.333333333},"point_estimate":2507406.523809524,"standard_error":2604.721301043185},"median_abs_dev":{"confidence_interval":{"confidence_level":0.95,"lower_bound":14040.988643222567,"upper_bound":23276.29008676305},"point_estimate":16974.640098639913,"standard_error":2416.7771363444053},"slope":null,"std_dev":{"confidence_interval":{"confidence_level":0.95,"lower_bound":16595.58392101807,"upper_bound":32532.83842351423},"point_estimate":25104.911682252223,"standard_error":4037.701861575305}}