{"mean":{"confidence_interval":{"confidence_level":0.95,"lower_bound":2450024.5948958327,"upper_bound":2454270.047864584},"point_estimate":2451890.4145833333,"standard_error":1093.5634946881066},"median":{"confidence_interval":{"confidence_level":0.95,"lower_bound":2448814.3333333335,"upper_bound":2450477.75},"point_estimate":2449957.375,"standard_error":429.87472501472274},"median_abs_dev":{"confidence_interval":{"confidence_level":0.95,"lower_bound":2304.0221340952003,"upper_bound":3732.692533731921},"point_estimate":3139.559881761785,"standard_error":374.2457995684911},"slope":null,"std_dev":{"confidence_interval":{"confidence_level":0.95,"lower_bound":5159.364927714843,"upper_bound":16510.3431935604},"point_estimate":11006.790396035694,"standard_error":3149.746791804347}}