{"mean":{"confidence_interval":{"confidence_level":0.95,"lower_bound":6338217.4625,"upper_bound":6511502.59375},"point_estimate":6417594.625,"standard_error":44405.02914945796},"median":{"confidence_interval":{"confidence_level":0.95,"lower_bound":6234412.5,"upper_bound":6293087.5},"point_estimate":6256181.25,"standard_error":13626.145395698943},"median_abs_dev":{"confidence_interval":{"confidence_level":0.95,"lower_bound":58173.51646721363,"upper_bound":129051.06145888567},"point_estimate":85360.69348454475,"standard_error":17220.026579991987},"slope":null,"std_dev":{"confidence_interval":{"confidence_level":0.95,"lower_bound":274744.0011732943,"upper_bound":582408.9806832406},"point_estimate":445162.99508676375,"standard_error":79662.69968097382}}