{"mean":{"confidence_interval":{"confidence_level":0.95,"lower_bound":6449866.00625,"upper_bound":6739197.921875},"point_estimate":6589786.5,"standard_error":73824.73813483476},"median":{"confidence_interval":{"confidence_level":0.95,"lower_bound":6171193.75,"upper_bound":6248193.75},"point_estimate":6206668.75,"standard_error":19712.474198267526},"median_abs_dev":{"confidence_interval":{"confidence_level":0.95,"lower_bound":64808.151349425316,"upper_bound":168989.524874836},"point_estimate":111028.20552885532,"standard_error":26481.82602305101},"slope":null,"std_dev":{"confidence_interval":{"confidence_level":0.95,"lower_bound":617484.3613702662,"upper_bound":831722.3086927368},"point_estimate":741619.4605586432,"standard_error":54682.55808663522}}