{"mean":{"confidence_interval":{"confidence_level":0.95,"lower_bound":0.0032181610054333857,"upper_bound":0.010472537908927078},"point_estimate":0.006828457128626342,"standard_error":0.0018552400630492286},"median":{"confidence_interval":{"confidence_level":0.95,"lower_bound":-0.00018003583679548907,"upper_bound":0.012437076507218814},"point_estimate":0.0050984169602044105,"standard_error":0.002959684277861299}}