{"mean":{"confidence_interval":{"confidence_level":0.95,"lower_bound":-0.47241647042507384,"upper_bound":-0.4687209186621022},"point_estimate":-0.4705378095058268,"standard_error":0.0009427507789008246},"median":{"confidence_interval":{"confidence_level":0.95,"lower_bound":-0.47280694114754407,"upper_bound":-0.46725210793853167},"point_estimate":-0.4692622663438005,"standard_error":0.001358045915757833}}