{"mean":{"confidence_interval":{"confidence_level":0.95,"lower_bound":0.029065091600665078,"upper_bound":0.03802823353451923},"point_estimate":0.03332309150466739,"standard_error":0.002269903957653685},"median":{"confidence_interval":{"confidence_level":0.95,"lower_bound":0.027819555729373002,"upper_bound":0.037746563353091345},"point_estimate":0.0321339056833394,"standard_error":0.0026226769438185433}}