{"mean":{"confidence_interval":{"confidence_level":0.95,"lower_bound":-0.005383606832927781,"upper_bound":0.010567407879909329},"point_estimate":0.0022600540912913747,"standard_error":0.004140236371785885},"median":{"confidence_interval":{"confidence_level":0.95,"lower_bound":-0.009314841132688545,"upper_bound":0.0007170970061816107},"point_estimate":-0.003673905328617777,"standard_error":0.0025592513079589047}}