{"mean":{"confidence_interval":{"confidence_level":0.95,"lower_bound":658792.0005324081,"upper_bound":663707.7411289231},"point_estimate":660927.4005317038,"standard_error":1262.4923581909934},"median":{"confidence_interval":{"confidence_level":0.95,"lower_bound":657760.4938271604,"upper_bound":660576.7700501253},"point_estimate":658602.2048960429,"standard_error":733.0479051126742},"median_abs_dev":{"confidence_interval":{"confidence_level":0.95,"lower_bound":4715.491582949966,"upper_bound":7918.302079701605},"point_estimate":5867.775541366097,"standard_error":806.9535925659162},"slope":{"confidence_interval":{"confidence_level":0.95,"lower_bound":657693.64320729,"upper_bound":659746.7439092251},"point_estimate":658698.7409487218,"standard_error":524.5266802257952},"std_dev":{"confidence_interval":{"confidence_level":0.95,"lower_bound":6409.613181572171,"upper_bound":19340.787713940485},"point_estimate":12696.732917248339,"standard_error":3966.018214433074}}