{"mean":{"confidence_interval":{"confidence_level":0.95,"lower_bound":3677876.921428571,"upper_bound":3688873.8607142856},"point_estimate":3683148.4999999995,"standard_error":2811.167011785086},"median":{"confidence_interval":{"confidence_level":0.95,"lower_bound":3671410.7142857146,"upper_bound":3681228.5714285714},"point_estimate":3677700.0,"standard_error":2539.0619110316793},"median_abs_dev":{"confidence_interval":{"confidence_level":0.95,"lower_bound":14380.954994686703,"upper_bound":27989.501878086878},"point_estimate":22133.099607058833,"standard_error":3514.906012673464},"slope":null,"std_dev":{"confidence_interval":{"confidence_level":0.95,"lower_bound":21610.29180727253,"upper_bound":34437.21151869084},"point_estimate":28265.44136442354,"standard_error":3298.6341326123456}}