{"mean":{"confidence_interval":{"confidence_level":0.95,"lower_bound":4132905.2846250013,"upper_bound":4177698.868333335},"point_estimate":4154371.517500001,"standard_error":11369.461025285867},"median":{"confidence_interval":{"confidence_level":0.95,"lower_bound":4102717.875,"upper_bound":4170219.5833333335},"point_estimate":4141300.666666667,"standard_error":17864.698539934096},"median_abs_dev":{"confidence_interval":{"confidence_level":0.95,"lower_bound":77940.58949127782,"upper_bound":123957.21859932014},"point_estimate":97460.9331697229,"standard_error":12377.155976502385},"slope":null,"std_dev":{"confidence_interval":{"confidence_level":0.95,"lower_bound":84162.5691324557,"upper_bound":146989.7110156217},"point_estimate":114722.61397358048,"standard_error":16547.119303357544}}