{"mean":{"confidence_interval":{"confidence_level":0.95,"lower_bound":2989148.1360735307,"upper_bound":3015130.9619705877},"point_estimate":3001830.744117647,"standard_error":6619.931007795905},"median":{"confidence_interval":{"confidence_level":0.95,"lower_bound":2980440.529411765,"upper_bound":3004073.5588235296},"point_estimate":2987965.7352941176,"standard_error":5841.757206924581},"median_abs_dev":{"confidence_interval":{"confidence_level":0.95,"lower_bound":48177.78383879084,"upper_bound":74950.66137524159},"point_estimate":58399.52575143648,"standard_error":6579.184429973082},"slope":null,"std_dev":{"confidence_interval":{"confidence_level":0.95,"lower_bound":55455.78704707932,"upper_bound":76787.13655332476},"point_estimate":66591.55299537974,"standard_error":5456.6111012405945}}