{"mean":{"confidence_interval":{"confidence_level":0.95,"lower_bound":-0.772111270242644,"upper_bound":-0.7459565764011314},"point_estimate":-0.7583775644866582,"standard_error":0.006713338674107442},"median":{"confidence_interval":{"confidence_level":0.95,"lower_bound":-0.7487239230399536,"upper_bound":-0.7410618901642886},"point_estimate":-0.7453458939679904,"standard_error":0.0021550181625430687}}