{"mean":{"confidence_interval":{"confidence_level":0.95,"lower_bound":-0.018826172287262157,"upper_bound":-0.008434701674250481},"point_estimate":-0.013766121929667419,"standard_error":0.002649703844076952},"median":{"confidence_interval":{"confidence_level":0.95,"lower_bound":-0.030460098552299402,"upper_bound":-0.0028299382145994256},"point_estimate":-0.02041917122560366,"standard_error":0.0063909360804522775}}