{"mean":{"confidence_interval":{"confidence_level":0.95,"lower_bound":-0.8837934027963014,"upper_bound":-0.8828052528637559},"point_estimate":-0.8832923799093748,"standard_error":0.0002516710089774584},"median":{"confidence_interval":{"confidence_level":0.95,"lower_bound":-0.884311255649057,"upper_bound":-0.8822949822486761},"point_estimate":-0.8836562419152862,"standard_error":0.0005145225806386123}}