{"mean":{"confidence_interval":{"confidence_level":0.95,"lower_bound":-0.2510507933415323,"upper_bound":-0.24235455073685747},"point_estimate":-0.2472775639859982,"standard_error":0.0022129398336621555},"median":{"confidence_interval":{"confidence_level":0.95,"lower_bound":-0.2528438199752176,"upper_bound":-0.24609485450712676},"point_estimate":-0.24919001979987998,"standard_error":0.0018116036667000532}}