{"mean":{"confidence_interval":{"confidence_level":0.95,"lower_bound":-0.013442465202287635,"upper_bound":0.018824476921585412},"point_estimate":0.0015918626644455536,"standard_error":0.008239772276831083},"median":{"confidence_interval":{"confidence_level":0.95,"lower_bound":-0.03481011717725113,"upper_bound":-0.02555817254440551},"point_estimate":-0.03108197140452762,"standard_error":0.003053800752717354}}