{"mean":{"confidence_interval":{"confidence_level":0.95,"lower_bound":-0.04657164326032805,"upper_bound":-0.03590982314133381},"point_estimate":-0.041365418493550576,"standard_error":0.0027162046788121756},"median":{"confidence_interval":{"confidence_level":0.95,"lower_bound":-0.046925860060902935,"upper_bound":-0.02964997923970636},"point_estimate":-0.038952195496149256,"standard_error":0.0046956024090512305}}