{"mean":{"confidence_interval":{"confidence_level":0.95,"lower_bound":0.04917680504142981,"upper_bound":0.08302206609394133},"point_estimate":0.06487934159393083,"standard_error":0.008649158297779702},"median":{"confidence_interval":{"confidence_level":0.95,"lower_bound":0.03316529736897955,"upper_bound":0.034609108593395055},"point_estimate":0.033879448169574555,"standard_error":0.00036991785750893445}}