{"mean":{"confidence_interval":{"confidence_level":0.95,"lower_bound":0.2777851141657019,"upper_bound":0.3166714417071573},"point_estimate":0.297133001853906,"standard_error":0.010129330547770007},"median":{"confidence_interval":{"confidence_level":0.95,"lower_bound":0.334877795729301,"upper_bound":0.33749921019758133},"point_estimate":0.3360547706549568,"standard_error":0.0006532901726865613}}