{"mean":{"confidence_interval":{"confidence_level":0.95,"lower_bound":-0.032598602035425236,"upper_bound":-0.0029781999918094613},"point_estimate":-0.017599390972145912,"standard_error":0.007529824453976347},"median":{"confidence_interval":{"confidence_level":0.95,"lower_bound":-0.00556135749649822,"upper_bound":0.01282515017774144},"point_estimate":0.005804889549138936,"standard_error":0.0047898283287479415}}