{"mean":{"confidence_interval":{"confidence_level":0.95,"lower_bound":0.0887225257420425,"upper_bound":0.10555208930985607},"point_estimate":0.0973719466633296,"standard_error":0.004288178889836749},"median":{"confidence_interval":{"confidence_level":0.95,"lower_bound":0.09720257898706741,"upper_bound":0.10918854632458053},"point_estimate":0.10313266703749902,"standard_error":0.002913977616916004}}