{"mean":{"confidence_interval":{"confidence_level":0.95,"lower_bound":-0.038309781394224064,"upper_bound":-0.003578120693348029},"point_estimate":-0.02140629870421329,"standard_error":0.008892996977575358},"median":{"confidence_interval":{"confidence_level":0.95,"lower_bound":-0.04560427986250981,"upper_bound":-0.0171339738570655},"point_estimate":-0.030180710154891432,"standard_error":0.007258819036385987}}