{"mean":{"confidence_interval":{"confidence_level":0.95,"lower_bound":12019.249236233523,"upper_bound":12078.979792936629},"point_estimate":12040.808045231477,"standard_error":17.345669451772824},"median":{"confidence_interval":{"confidence_level":0.95,"lower_bound":12021.853573044838,"upper_bound":12024.562535857716},"point_estimate":12023.364393534732,"standard_error":0.7098103142862728},"median_abs_dev":{"confidence_interval":{"confidence_level":0.95,"lower_bound":4.86425816743578,"upper_bound":9.239861829388321},"point_estimate":6.687557987863811,"standard_error":1.0866885933105266},"slope":{"confidence_interval":{"confidence_level":0.95,"lower_bound":12017.846885084311,"upper_bound":12024.297488081338},"point_estimate":12021.330443096458,"standard_error":1.6578497745127247},"std_dev":{"confidence_interval":{"confidence_level":0.95,"lower_bound":16.379665263824307,"upper_bound":296.3799426432124},"point_estimate":174.33250348105037,"standard_error":95.13687877783089}}