{"mean":{"confidence_interval":{"confidence_level":0.95,"lower_bound":4328981.749999997,"upper_bound":4356374.287499998},"point_estimate":4342585.000000001,"standard_error":6964.774954810929},"median":{"confidence_interval":{"confidence_level":0.95,"lower_bound":4319300.0,"upper_bound":4345687.5},"point_estimate":4331270.833333334,"standard_error":6183.981559485613},"median_abs_dev":{"confidence_interval":{"confidence_level":0.95,"lower_bound":47523.35221879163,"upper_bound":82166.9260412457},"point_estimate":63127.871379256016,"standard_error":8994.06797555458},"slope":null,"std_dev":{"confidence_interval":{"confidence_level":0.95,"lower_bound":59776.96239156057,"upper_bound":79472.11658804091},"point_estimate":70267.89413272157,"standard_error":5042.810984514373}}