{"mean":{"confidence_interval":{"confidence_level":0.95,"lower_bound":4322095.570833332,"upper_bound":4352877.710416668},"point_estimate":4337490.166666669,"standard_error":7836.013673429932},"median":{"confidence_interval":{"confidence_level":0.95,"lower_bound":4317850.0,"upper_bound":4342587.5},"point_estimate":4332245.833333334,"standard_error":6565.55461234991},"median_abs_dev":{"confidence_interval":{"confidence_level":0.95,"lower_bound":37027.93434262276,"upper_bound":69972.5412577386},"point_estimate":53212.984055281835,"standard_error":8472.194619602848},"slope":null,"std_dev":{"confidence_interval":{"confidence_level":0.95,"lower_bound":64308.182282090325,"upper_bound":91870.40976400803},"point_estimate":78848.05518088622,"standard_error":7053.923159496429}}