{"mean":{"confidence_interval":{"confidence_level":0.95,"lower_bound":-0.03246082613590857,"upper_bound":-0.0060658231266060144},"point_estimate":-0.019293294856675858,"standard_error":0.006688375351357434},"median":{"confidence_interval":{"confidence_level":0.95,"lower_bound":-0.016598976512897434,"upper_bound":-0.0031897427405332968},"point_estimate":-0.010225526427669052,"standard_error":0.00345689358713292}}