{"mean":{"confidence_interval":{"confidence_level":0.95,"lower_bound":-0.009543585412917052,"upper_bound":-0.004560251406940561},"point_estimate":-0.007158391603448666,"standard_error":0.0012618068660600712},"median":{"confidence_interval":{"confidence_level":0.95,"lower_bound":-0.005802612460370282,"upper_bound":-0.004771686527574426},"point_estimate":-0.005193113488510148,"standard_error":0.000266501836456416}}