{"mean":{"confidence_interval":{"confidence_level":0.95,"lower_bound":-0.17339725395617422,"upper_bound":-0.15626585771379237},"point_estimate":-0.1647635161721358,"standard_error":0.004384005596124645},"median":{"confidence_interval":{"confidence_level":0.95,"lower_bound":-0.16556660127107392,"upper_bound":-0.15480628785634765},"point_estimate":-0.159757389161311,"standard_error":0.0026410357914073905}}