{"mean":{"confidence_interval":{"confidence_level":0.95,"lower_bound":0.0039618779065708765,"upper_bound":0.030984405945921334},"point_estimate":0.017902091975968704,"standard_error":0.006813448795021175},"median":{"confidence_interval":{"confidence_level":0.95,"lower_bound":0.012348109122905848,"upper_bound":0.02364689611765125},"point_estimate":0.017003901000365085,"standard_error":0.0028521470516124003}}