{"mean":{"confidence_interval":{"confidence_level":0.95,"lower_bound":0.006054017081252777,"upper_bound":0.03807655529636089},"point_estimate":0.021228256575930082,"standard_error":0.008203180028582049},"median":{"confidence_interval":{"confidence_level":0.95,"lower_bound":-0.008028626090251456,"upper_bound":0.013491095365100403},"point_estimate":0.003912976501535992,"standard_error":0.005670760077622402}}