{"mean":{"confidence_interval":{"confidence_level":0.95,"lower_bound":-0.2992851033698601,"upper_bound":-0.28703517106256254},"point_estimate":-0.2931237794826156,"standard_error":0.0030818343672438207},"median":{"confidence_interval":{"confidence_level":0.95,"lower_bound":-0.2995881869511454,"upper_bound":-0.28735198655988536},"point_estimate":-0.2918852566918281,"standard_error":0.0031173106475477137}}