{"mean":{"confidence_interval":{"confidence_level":0.95,"lower_bound":0.9443549887291335,"upper_bound":0.9912918323993732},"point_estimate":0.9660946039654659,"standard_error":0.011649009294673877},"median":{"confidence_interval":{"confidence_level":0.95,"lower_bound":0.9251393924422253,"upper_bound":0.9476377841445018},"point_estimate":0.9323683439619201,"standard_error":0.006645852458907795}}