{"mean":{"confidence_interval":{"confidence_level":0.95,"lower_bound":-0.010416287789367765,"upper_bound":0.015023391214114633},"point_estimate":0.0015318286078347398,"standard_error":0.006420153693022999},"median":{"confidence_interval":{"confidence_level":0.95,"lower_bound":-0.001658711472266483,"upper_bound":0.0038426910080791824},"point_estimate":0.001221151893143313,"standard_error":0.0013906934479247842}}