{"mean":{"confidence_interval":{"confidence_level":0.95,"lower_bound":0.05519356542500781,"upper_bound":0.058962578604939954},"point_estimate":0.05702624438177861,"standard_error":0.0009734350882974303},"median":{"confidence_interval":{"confidence_level":0.95,"lower_bound":0.052727141351935014,"upper_bound":0.05429264053380689},"point_estimate":0.053451382916576806,"standard_error":0.00042529979454078643}}