{"mean":{"confidence_interval":{"confidence_level":0.95,"lower_bound":0.013685290404919137,"upper_bound":0.05360741647992425},"point_estimate":0.033420345113671424,"standard_error":0.010181365849541218},"median":{"confidence_interval":{"confidence_level":0.95,"lower_bound":0.005717770506359576,"upper_bound":0.056995459507074075},"point_estimate":0.03477717297272287,"standard_error":0.013231399157580724}}