{"mean":{"confidence_interval":{"confidence_level":0.95,"lower_bound":-0.0021768457798620046,"upper_bound":0.003120484582533027},"point_estimate":0.00039572333776161095,"standard_error":0.0013437797962859907},"median":{"confidence_interval":{"confidence_level":0.95,"lower_bound":-0.0037222851374864923,"upper_bound":0.0011744125791889398},"point_estimate":-0.0008800990395457786,"standard_error":0.0012483410795724314}}