{"mean":{"confidence_interval":{"confidence_level":0.95,"lower_bound":0.057332904884310636,"upper_bound":0.13899929949301582},"point_estimate":0.09869047840879519,"standard_error":0.02088100871037514},"median":{"confidence_interval":{"confidence_level":0.95,"lower_bound":0.0919340881293914,"upper_bound":0.2227938337608495},"point_estimate":0.11858363761107005,"standard_error":0.029469530051705977}}