{"mean":{"confidence_interval":{"confidence_level":0.95,"lower_bound":-0.05249142382668469,"upper_bound":0.05256933551890565},"point_estimate":-0.0005268758530092565,"standard_error":0.02691866583434378},"median":{"confidence_interval":{"confidence_level":0.95,"lower_bound":-0.029042558945952757,"upper_bound":0.04046593866494122},"point_estimate":0.012396960872479212,"standard_error":0.018071872228005114}}