{"mean":{"confidence_interval":{"confidence_level":0.95,"lower_bound":-0.04691224591794819,"upper_bound":0.05325000895741341},"point_estimate":0.0032856858711873826,"standard_error":0.025663214019898264},"median":{"confidence_interval":{"confidence_level":0.95,"lower_bound":-0.035939011981305446,"upper_bound":0.026281797577549115},"point_estimate":-0.01166290328414299,"standard_error":0.01608283191302484}}