{"mean":{"confidence_interval":{"confidence_level":0.95,"lower_bound":-0.3629239412536054,"upper_bound":-0.3586002360265362},"point_estimate":-0.36092596799891297,"standard_error":0.0010912866645549173},"median":{"confidence_interval":{"confidence_level":0.95,"lower_bound":-0.36492602570306176,"upper_bound":-0.36268163081350224},"point_estimate":-0.36402464331760476,"standard_error":0.0005342059448447807}}