{"mean":{"confidence_interval":{"confidence_level":0.95,"lower_bound":-0.06495525716072537,"upper_bound":-0.025619069203931907},"point_estimate":-0.046156084785574425,"standard_error":0.01000962937395687},"median":{"confidence_interval":{"confidence_level":0.95,"lower_bound":-0.08351817648527284,"upper_bound":-0.059395616661357176},"point_estimate":-0.07327289466021925,"standard_error":0.005789469566173398}}