{"mean":{"confidence_interval":{"confidence_level":0.95,"lower_bound":36012.826286482516,"upper_bound":42875.12064787687},"point_estimate":38545.15919050612,"standard_error":1935.0828432068117},"median":{"confidence_interval":{"confidence_level":0.95,"lower_bound":35055.89074074074,"upper_bound":35572.66456386163},"point_estimate":35301.344399277325,"standard_error":139.6815650027863},"median_abs_dev":{"confidence_interval":{"confidence_level":0.95,"lower_bound":726.9386919831492,"upper_bound":1304.6970751382084},"point_estimate":997.9781448885935,"standard_error":147.55359007549347},"slope":{"confidence_interval":{"confidence_level":0.95,"lower_bound":35021.824523598574,"upper_bound":35528.327028821885},"point_estimate":35260.04452128795,"standard_error":129.3376504427837},"std_dev":{"confidence_interval":{"confidence_level":0.95,"lower_bound":2822.6213218126973,"upper_bound":32821.45382264783},"point_estimate":19444.98148395264,"standard_error":10090.386875355816}}