{"mean":{"confidence_interval":{"confidence_level":0.95,"lower_bound":53735.87379214223,"upper_bound":54266.34259960851},"point_estimate":53998.37289046656,"standard_error":135.4327024528198},"median":{"confidence_interval":{"confidence_level":0.95,"lower_bound":53353.99610136452,"upper_bound":54463.39626239512},"point_estimate":53646.228070175435,"standard_error":299.3445540670893},"median_abs_dev":{"confidence_interval":{"confidence_level":0.95,"lower_bound":1082.190214250199,"upper_bound":1717.8651800281084},"point_estimate":1434.82449607833,"standard_error":152.9575013433714},"slope":{"confidence_interval":{"confidence_level":0.95,"lower_bound":53380.96545872392,"upper_bound":53970.56283082425},"point_estimate":53678.0993676744,"standard_error":150.84505875065844},"std_dev":{"confidence_interval":{"confidence_level":0.95,"lower_bound":1164.6295911644268,"upper_bound":1543.3748486244872},"point_estimate":1359.9999992222176,"standard_error":97.17344167265829}}