{"mean":{"confidence_interval":{"confidence_level":0.95,"lower_bound":42549.54040020165,"upper_bound":43194.56152053938},"point_estimate":42834.829635077156,"standard_error":165.12665373722783},"median":{"confidence_interval":{"confidence_level":0.95,"lower_bound":42380.474545940175,"upper_bound":42773.485897435894},"point_estimate":42532.00736531986,"standard_error":99.90505883133699},"median_abs_dev":{"confidence_interval":{"confidence_level":0.95,"lower_bound":565.0662541728426,"upper_bound":942.7866284136601},"point_estimate":753.8529453592942,"standard_error":93.37580381637376},"slope":{"confidence_interval":{"confidence_level":0.95,"lower_bound":42464.384519623054,"upper_bound":42816.59909136949},"point_estimate":42640.699668242945,"standard_error":89.74828132403212},"std_dev":{"confidence_interval":{"confidence_level":0.95,"lower_bound":851.5820414370304,"upper_bound":2515.055471671297},"point_estimate":1665.7749301393392,"standard_error":496.828962618562}}