{"mean":{"confidence_interval":{"confidence_level":0.95,"lower_bound":8065128.996428575,"upper_bound":8089074.450000001},"point_estimate":8076025.571428576,"standard_error":6118.97364350316},"median":{"confidence_interval":{"confidence_level":0.95,"lower_bound":8061557.142857143,"upper_bound":8079985.714285715},"point_estimate":8073507.142857144,"standard_error":5385.742484022212},"median_abs_dev":{"confidence_interval":{"confidence_level":0.95,"lower_bound":37425.05933557258,"upper_bound":59176.918949400664},"point_estimate":54337.28903532028,"standard_error":5704.400256025685},"slope":null,"std_dev":{"confidence_interval":{"confidence_level":0.95,"lower_bound":38731.72744126183,"upper_bound":88289.2895525888},"point_estimate":61577.99268268076,"standard_error":15057.938855756569}}