{"mean":{"confidence_interval":{"confidence_level":0.95,"lower_bound":8457658.110375,"upper_bound":8597954.086625002},"point_estimate":8518304.475,"standard_error":36108.16439779232},"median":{"confidence_interval":{"confidence_level":0.95,"lower_bound":8421564.0,"upper_bound":8472181.0},"point_estimate":8452259.166666668,"standard_error":14418.495213110065},"median_abs_dev":{"confidence_interval":{"confidence_level":0.95,"lower_bound":78104.478563369,"upper_bound":120898.61485362191},"point_estimate":107815.28783589786,"standard_error":11681.23735955594},"slope":null,"std_dev":{"confidence_interval":{"confidence_level":0.95,"lower_bound":126183.16629130622,"upper_bound":545918.2585697233},"point_estimate":363439.58410053933,"standard_error":111036.7765582732}}