{"mean":{"confidence_interval":{"confidence_level":0.95,"lower_bound":16843357.333333336,"upper_bound":16996892.333333343},"point_estimate":16910678.666666668,"standard_error":39380.68642507},"median":{"confidence_interval":{"confidence_level":0.95,"lower_bound":16760000.0,"upper_bound":16898700.0},"point_estimate":16831583.333333336,"standard_error":33078.51037512674},"median_abs_dev":{"confidence_interval":{"confidence_level":0.95,"lower_bound":165680.54705858225,"upper_bound":286981.9349050485},"point_estimate":227776.77595615757,"standard_error":32641.153797137522},"slope":null,"std_dev":{"confidence_interval":{"confidence_level":0.95,"lower_bound":208799.23152596425,"upper_bound":593467.6392255677},"point_estimate":395507.81647910806,"standard_error":116997.44392171192}}