{"mean":{"confidence_interval":{"confidence_level":0.95,"lower_bound":12456920.165,"upper_bound":12474470.025},"point_estimate":12465536.4,"standard_error":4474.848047685539},"median":{"confidence_interval":{"confidence_level":0.95,"lower_bound":12450340.0,"upper_bound":12465270.0},"point_estimate":12460560.0,"standard_error":4533.67348415982},"median_abs_dev":{"confidence_interval":{"confidence_level":0.95,"lower_bound":25678.63154411316,"upper_bound":46790.855169296265},"point_estimate":35923.39736223221,"standard_error":5464.320067443391},"slope":null,"std_dev":{"confidence_interval":{"confidence_level":0.95,"lower_bound":37252.45191740698,"upper_bound":52172.71070817591},"point_estimate":45025.00606049349,"standard_error":3807.6892297220534}}