{"mean":{"confidence_interval":{"confidence_level":0.95,"lower_bound":-0.01461416566825351,"upper_bound":-0.00750149771041981},"point_estimate":-0.011371833661240394,"standard_error":0.0018015266853016786},"median":{"confidence_interval":{"confidence_level":0.95,"lower_bound":-0.018046109568915926,"upper_bound":-0.011780260842769508},"point_estimate":-0.014776928705462766,"standard_error":0.0016258049386964214}}