{"mean":{"confidence_interval":{"confidence_level":0.95,"lower_bound":-0.018104658110844496,"upper_bound":-0.00375615713098732},"point_estimate":-0.010832149381677536,"standard_error":0.003673118102070244},"median":{"confidence_interval":{"confidence_level":0.95,"lower_bound":-0.015752398925086175,"upper_bound":-0.010073310666818158},"point_estimate":-0.012142175536632771,"standard_error":0.0014529137838761974}}