{"mean":{"confidence_interval":{"confidence_level":0.95,"lower_bound":510.41100258045674,"upper_bound":514.0226154141942},"point_estimate":511.95614979988767,"standard_error":0.9365772990956495},"median":{"confidence_interval":{"confidence_level":0.95,"lower_bound":509.551735760027,"upper_bound":510.8812877122492},"point_estimate":510.30406059781825,"standard_error":0.35643726434695183},"median_abs_dev":{"confidence_interval":{"confidence_level":0.95,"lower_bound":2.07325121718248,"upper_bound":4.626397850681572},"point_estimate":3.2584487954189534,"standard_error":0.635019514983844},"slope":{"confidence_interval":{"confidence_level":0.95,"lower_bound":509.52885511438694,"upper_bound":511.2975629343833},"point_estimate":510.3697252474293,"standard_error":0.45127240300956617},"std_dev":{"confidence_interval":{"confidence_level":0.95,"lower_bound":3.7480666398931533,"upper_bound":14.573507837436434},"point_estimate":9.392313689000094,"standard_error":3.108285796811039}}