{"mean":{"confidence_interval":{"confidence_level":0.95,"lower_bound":0.04794500123048229,"upper_bound":0.05665916259812299},"point_estimate":0.052284979655223385,"standard_error":0.0022163641359208295},"median":{"confidence_interval":{"confidence_level":0.95,"lower_bound":0.046991196048416395,"upper_bound":0.05972600232925451},"point_estimate":0.05485249485571142,"standard_error":0.003142917575830951}}