{"mean":{"confidence_interval":{"confidence_level":0.95,"lower_bound":0.02156757375227401,"upper_bound":0.03808749361038394},"point_estimate":0.030330999880723963,"standard_error":0.004249803805479789},"median":{"confidence_interval":{"confidence_level":0.95,"lower_bound":0.02987982918590726,"upper_bound":0.03963377519607181},"point_estimate":0.034893951940699,"standard_error":0.0025725359819468415}}