{"mean":{"confidence_interval":{"confidence_level":0.95,"lower_bound":0.02632786610672268,"upper_bound":0.029487374699071527},"point_estimate":0.028011944047211967,"standard_error":0.0008034647634902916},"median":{"confidence_interval":{"confidence_level":0.95,"lower_bound":0.025665142498992877,"upper_bound":0.02842418693291771},"point_estimate":0.027891656816858568,"standard_error":0.000655829874786432}}