{"mean":{"confidence_interval":{"confidence_level":0.95,"lower_bound":0.3493730463611511,"upper_bound":0.36890435202228017},"point_estimate":0.35937133101044516,"standard_error":0.004973277556470896},"median":{"confidence_interval":{"confidence_level":0.95,"lower_bound":0.34056126415780597,"upper_bound":0.3542394897551753},"point_estimate":0.3456910656122867,"standard_error":0.0035871902344837524}}