{"mean":{"confidence_interval":{"confidence_level":0.95,"lower_bound":0.6092689671929196,"upper_bound":0.6464114900849862},"point_estimate":0.6277435581092641,"standard_error":0.00940097889985638},"median":{"confidence_interval":{"confidence_level":0.95,"lower_bound":0.5967185714654737,"upper_bound":0.6370399522164161},"point_estimate":0.615749933920676,"standard_error":0.009448491862369074}}