{"mean":{"confidence_interval":{"confidence_level":0.95,"lower_bound":-0.024465023427492884,"upper_bound":-0.02093339719193341},"point_estimate":-0.02276011642710385,"standard_error":0.0009002720617662781},"median":{"confidence_interval":{"confidence_level":0.95,"lower_bound":-0.022835283651166317,"upper_bound":-0.02009411542083397},"point_estimate":-0.022131640848687906,"standard_error":0.0006515898689991053}}