{"mean":{"confidence_interval":{"confidence_level":0.95,"lower_bound":53216.465251598536,"upper_bound":53764.1269605287},"point_estimate":53473.93943470844,"standard_error":140.22894897613952},"median":{"confidence_interval":{"confidence_level":0.95,"lower_bound":53124.238227146816,"upper_bound":53386.846116816436},"point_estimate":53285.77694235589,"standard_error":57.25640898276562},"median_abs_dev":{"confidence_interval":{"confidence_level":0.95,"lower_bound":435.4092234951015,"upper_bound":762.4506512837379},"point_estimate":549.2891026883646,"standard_error":85.29561334679792},"slope":{"confidence_interval":{"confidence_level":0.95,"lower_bound":53225.8819072343,"upper_bound":53853.38065052707},"point_estimate":53539.707201356425,"standard_error":160.23566533142588},"std_dev":{"confidence_interval":{"confidence_level":0.95,"lower_bound":900.2855810129624,"upper_bound":1888.5575504210426},"point_estimate":1405.2842473104183,"standard_error":258.86808533077897}}