{"mean":{"confidence_interval":{"confidence_level":0.95,"lower_bound":52356.1265596575,"upper_bound":52699.39336562693},"point_estimate":52526.07311080083,"standard_error":87.2942536748131},"median":{"confidence_interval":{"confidence_level":0.95,"lower_bound":52348.388829215895,"upper_bound":52650.50125313283},"point_estimate":52481.30337350857,"standard_error":75.88622930962853},"median_abs_dev":{"confidence_interval":{"confidence_level":0.95,"lower_bound":418.0184726847823,"upper_bound":823.728721097568},"point_estimate":702.6484275455091,"standard_error":101.52129599580289},"slope":{"confidence_interval":{"confidence_level":0.95,"lower_bound":52022.85394670773,"upper_bound":52516.596222018496},"point_estimate":52266.60622370171,"standard_error":125.418430633883},"std_dev":{"confidence_interval":{"confidence_level":0.95,"lower_bound":712.8176641884422,"upper_bound":1032.0304808726569},"point_estimate":880.8787028788058,"standard_error":81.76380412051572}}