{"mean":{"confidence_interval":{"confidence_level":0.95,"lower_bound":2067254.958333333,"upper_bound":2095751.5510416655},"point_estimate":2080611.5833333335,"standard_error":7283.3650042759455},"median":{"confidence_interval":{"confidence_level":0.95,"lower_bound":2056300.0,"upper_bound":2078897.9166666665},"point_estimate":2068650.0,"standard_error":5250.978584384765},"median_abs_dev":{"confidence_interval":{"confidence_level":0.95,"lower_bound":32005.626931786537,"upper_bound":53667.03029721987},"point_estimate":40984.62302237749,"standard_error":5685.328161920865},"slope":null,"std_dev":{"confidence_interval":{"confidence_level":0.95,"lower_bound":48661.51376063322,"upper_bound":97413.18887288217},"point_estimate":73361.55588690758,"standard_error":12778.271772781829}}