{"mean":{"confidence_interval":{"confidence_level":0.95,"lower_bound":0.033953497368695365,"upper_bound":0.03961587937191427},"point_estimate":0.03715147944535646,"standard_error":0.0014452144405585055},"median":{"confidence_interval":{"confidence_level":0.95,"lower_bound":0.0367730733636118,"upper_bound":0.03992821977374361},"point_estimate":0.038594155549012577,"standard_error":0.000826927290547346}}