{"mean":{"confidence_interval":{"confidence_level":0.95,"lower_bound":-0.01736872329515952,"upper_bound":-0.010424144498440107},"point_estimate":-0.014022171780564086,"standard_error":0.001780519281130388},"median":{"confidence_interval":{"confidence_level":0.95,"lower_bound":-0.014131790183453563,"upper_bound":-0.011836291906376695},"point_estimate":-0.01295055419063107,"standard_error":0.0005988058197415459}}