{"mean":{"confidence_interval":{"confidence_level":0.95,"lower_bound":-0.09668511400393132,"upper_bound":-0.03971971966904289},"point_estimate":-0.06604351889485849,"standard_error":0.014662133520268185},"median":{"confidence_interval":{"confidence_level":0.95,"lower_bound":-0.030814668680421264,"upper_bound":-0.00898699035461481},"point_estimate":-0.019447065997102553,"standard_error":0.005028335330886888}}