{"mean":{"confidence_interval":{"confidence_level":0.95,"lower_bound":0.3883000046590972,"upper_bound":0.4163335529030381},"point_estimate":0.40160983847198795,"standard_error":0.007178087768532108},"median":{"confidence_interval":{"confidence_level":0.95,"lower_bound":0.37297108227460796,"upper_bound":0.40073508874236397},"point_estimate":0.3865820898704364,"standard_error":0.00659252318452192}}