{"mean":{"confidence_interval":{"confidence_level":0.95,"lower_bound":0.1206619788981676,"upper_bound":0.12598168524278935},"point_estimate":0.12383393055526692,"standard_error":0.0013977071089561605},"median":{"confidence_interval":{"confidence_level":0.95,"lower_bound":0.12421640394204747,"upper_bound":0.12635187294516267},"point_estimate":0.12533462874857815,"standard_error":0.0005726466659463563}}