{"mean":{"confidence_interval":{"confidence_level":0.95,"lower_bound":-0.31546908446551136,"upper_bound":-0.2889545304434235},"point_estimate":-0.3018509925694717,"standard_error":0.006767724609312637},"median":{"confidence_interval":{"confidence_level":0.95,"lower_bound":-0.27225665309170316,"upper_bound":-0.26823878750628805},"point_estimate":-0.2697628398658751,"standard_error":0.0010561247323912577}}