{"mean":{"confidence_interval":{"confidence_level":0.95,"lower_bound":0.03523452058233878,"upper_bound":0.07656571996936566},"point_estimate":0.05584899056682846,"standard_error":0.010793851964489912},"median":{"confidence_interval":{"confidence_level":0.95,"lower_bound":0.009396664772669048,"upper_bound":0.019619715401962834},"point_estimate":0.01379153278311085,"standard_error":0.002511347853306693}}