{"mean":{"confidence_interval":{"confidence_level":0.95,"lower_bound":2592339.4012499996,"upper_bound":2659661.605},"point_estimate":2624719.25,"standard_error":17198.346402982},"median":{"confidence_interval":{"confidence_level":0.95,"lower_bound":2532080.0,"upper_bound":2576465.0},"point_estimate":2557902.5,"standard_error":12002.0728838665},"median_abs_dev":{"confidence_interval":{"confidence_level":0.95,"lower_bound":55790.2370095253,"upper_bound":126054.35626208782},"point_estimate":83084.90252494812,"standard_error":17872.742052678394},"slope":null,"std_dev":{"confidence_interval":{"confidence_level":0.95,"lower_bound":137815.43947419975,"upper_bound":205035.16090681095},"point_estimate":173563.28813743498,"standard_error":17143.229721395357}}