{"mean":{"confidence_interval":{"confidence_level":0.95,"lower_bound":-0.020962914159532074,"upper_bound":-0.014213115387593431},"point_estimate":-0.017874961897275887,"standard_error":0.0017301442203166099},"median":{"confidence_interval":{"confidence_level":0.95,"lower_bound":-0.02526821358427162,"upper_bound":-0.023508162762232332},"point_estimate":-0.024363414164402353,"standard_error":0.00042606097630688334}}