{"mean":{"confidence_interval":{"confidence_level":0.95,"lower_bound":-0.14156279246235492,"upper_bound":-0.1395458048055455},"point_estimate":-0.14058262743806837,"standard_error":0.0005136330815181734},"median":{"confidence_interval":{"confidence_level":0.95,"lower_bound":-0.1416125318444056,"upper_bound":-0.14017631898436156},"point_estimate":-0.140786839062639,"standard_error":0.00036153669693765334}}