{"mean":{"confidence_interval":{"confidence_level":0.95,"lower_bound":0.013690501457202344,"upper_bound":0.034137772660105745},"point_estimate":0.024060754577716725,"standard_error":0.005241637044700957},"median":{"confidence_interval":{"confidence_level":0.95,"lower_bound":0.01837641904829712,"upper_bound":0.04006091603947404},"point_estimate":0.03165910885461365,"standard_error":0.005566556740711813}}