{"mean":{"confidence_interval":{"confidence_level":0.95,"lower_bound":0.14311060071471976,"upper_bound":0.14986492750506084},"point_estimate":0.1461312385957294,"standard_error":0.0017292892215199358},"median":{"confidence_interval":{"confidence_level":0.95,"lower_bound":0.14160303588537793,"upper_bound":0.14381414310166174},"point_estimate":0.1426122900937945,"standard_error":0.0005650033108672983}}