{"mean":{"confidence_interval":{"confidence_level":0.95,"lower_bound":-0.017938148388499883,"upper_bound":-0.012199142181577603},"point_estimate":-0.014731430156933789,"standard_error":0.0014833198170460238},"median":{"confidence_interval":{"confidence_level":0.95,"lower_bound":-0.013436758796670056,"upper_bound":-0.011551361784014835},"point_estimate":-0.012559691831719788,"standard_error":0.00047298820103268413}}