{"mean":{"confidence_interval":{"confidence_level":0.95,"lower_bound":0.014059641754309172,"upper_bound":0.022520350065167616},"point_estimate":0.018842985647226085,"standard_error":0.00218880447454375},"median":{"confidence_interval":{"confidence_level":0.95,"lower_bound":0.021295965517959647,"upper_bound":0.0224999961941712},"point_estimate":0.021786024252141933,"standard_error":0.00030772952862112536}}