{"mean":{"confidence_interval":{"confidence_level":0.95,"lower_bound":-0.006783260898623871,"upper_bound":-0.002183636191109735},"point_estimate":-0.004573193794948471,"standard_error":0.001189804725449411},"median":{"confidence_interval":{"confidence_level":0.95,"lower_bound":-0.01108395273050998,"upper_bound":-0.00923520261355526},"point_estimate":-0.010328619491169366,"standard_error":0.00045318049587168786}}