{"mean":{"confidence_interval":{"confidence_level":0.95,"lower_bound":0.035558845943120386,"upper_bound":0.07610604019355424},"point_estimate":0.056123403069567424,"standard_error":0.010294261641526253},"median":{"confidence_interval":{"confidence_level":0.95,"lower_bound":0.03714769775234372,"upper_bound":0.06787547774624181},"point_estimate":0.05415422335287512,"standard_error":0.007865371964525221}}