{"mean":{"confidence_interval":{"confidence_level":0.95,"lower_bound":0.28745555799471045,"upper_bound":0.31245519172771413},"point_estimate":0.29967959822429235,"standard_error":0.006249993149827009},"median":{"confidence_interval":{"confidence_level":0.95,"lower_bound":0.28330698294871093,"upper_bound":0.31006084451224725},"point_estimate":0.2957474124238437,"standard_error":0.006358053015698741}}