{"mean":{"confidence_interval":{"confidence_level":0.95,"lower_bound":0.7758412233962397,"upper_bound":0.797016935263378},"point_estimate":0.7855852659451992,"standard_error":0.005766980734810305},"median":{"confidence_interval":{"confidence_level":0.95,"lower_bound":0.7730842855292259,"upper_bound":0.7968788420583326},"point_estimate":0.7809315716031804,"standard_error":0.006046801245642608}}