{"mean":{"confidence_interval":{"confidence_level":0.95,"lower_bound":0.007247178653051285,"upper_bound":0.020534821374519785},"point_estimate":0.013827447253907499,"standard_error":0.0034005695123967834},"median":{"confidence_interval":{"confidence_level":0.95,"lower_bound":0.006951880930950525,"upper_bound":0.014682341068191874},"point_estimate":0.010083922215369023,"standard_error":0.0019968033683484114}}