{"mean":{"confidence_interval":{"confidence_level":0.95,"lower_bound":0.4349867463003806,"upper_bound":0.4646349081924504},"point_estimate":0.4478450089692907,"standard_error":0.007978179442353543},"median":{"confidence_interval":{"confidence_level":0.95,"lower_bound":0.43841737373305034,"upper_bound":0.46810762218645485},"point_estimate":0.4517112404557526,"standard_error":0.008605295816366624}}