{"mean":{"confidence_interval":{"confidence_level":0.95,"lower_bound":-0.0958993990953357,"upper_bound":-0.06985715078836834},"point_estimate":-0.08284945358232532,"standard_error":0.0066141409254448025},"median":{"confidence_interval":{"confidence_level":0.95,"lower_bound":-0.09125328815538247,"upper_bound":-0.06980747789845554},"point_estimate":-0.08197813025223877,"standard_error":0.0054361824199041855}}