{"mean":{"confidence_interval":{"confidence_level":0.95,"lower_bound":0.011127230797525662,"upper_bound":0.0219361550427981},"point_estimate":0.01667646827664715,"standard_error":0.0027876731834800034},"median":{"confidence_interval":{"confidence_level":0.95,"lower_bound":0.0034055910454935507,"upper_bound":0.016396302256258544},"point_estimate":0.009117366459709064,"standard_error":0.0036293752923988562}}