{"mean":{"confidence_interval":{"confidence_level":0.95,"lower_bound":-0.08527093764441569,"upper_bound":-0.0729452436399537},"point_estimate":-0.07924085260300673,"standard_error":0.0031316834693729564},"median":{"confidence_interval":{"confidence_level":0.95,"lower_bound":-0.09130496595761728,"upper_bound":-0.07542007422643138},"point_estimate":-0.08621683125284352,"standard_error":0.004021307461967984}}