{"mean":{"confidence_interval":{"confidence_level":0.95,"lower_bound":-0.00797910349247538,"upper_bound":0.007501646684379271},"point_estimate":-0.00005443845209296416,"standard_error":0.0039379326709227955},"median":{"confidence_interval":{"confidence_level":0.95,"lower_bound":-0.0030030605522638476,"upper_bound":0.0128240549884997},"point_estimate":0.006417894662225088,"standard_error":0.004072356398494129}}