{"mean":{"confidence_interval":{"confidence_level":0.95,"lower_bound":0.13021531540440084,"upper_bound":0.1769468742147434},"point_estimate":0.15451303104722824,"standard_error":0.011964401133704441},"median":{"confidence_interval":{"confidence_level":0.95,"lower_bound":0.1751696289129243,"upper_bound":0.19813064121889723},"point_estimate":0.18318393843769054,"standard_error":0.0053614127905630745}}