{"mean":{"confidence_interval":{"confidence_level":0.95,"lower_bound":0.0071612535623522995,"upper_bound":0.03766836951392243},"point_estimate":0.023199317695852928,"standard_error":0.0077676116015862225},"median":{"confidence_interval":{"confidence_level":0.95,"lower_bound":0.005503157483602796,"upper_bound":0.04152283254384015},"point_estimate":0.015997188153908493,"standard_error":0.009249930196741526}}