{"mean":{"confidence_interval":{"confidence_level":0.95,"lower_bound":-0.052051878409013895,"upper_bound":-0.03018219241596894},"point_estimate":-0.041176748011434006,"standard_error":0.005541953611013749},"median":{"confidence_interval":{"confidence_level":0.95,"lower_bound":-0.041429411694552276,"upper_bound":-0.013925693981059806},"point_estimate":-0.020644087360377705,"standard_error":0.007737399612483775}}