{"mean":{"confidence_interval":{"confidence_level":0.95,"lower_bound":0.05927267624681245,"upper_bound":0.11259654801604976},"point_estimate":0.08708901141883363,"standard_error":0.013402839572941791},"median":{"confidence_interval":{"confidence_level":0.95,"lower_bound":0.09474435663553216,"upper_bound":0.10868420246319288},"point_estimate":0.10287558117316276,"standard_error":0.0037746965590245095}}