{"mean":{"confidence_interval":{"confidence_level":0.95,"lower_bound":0.3242227234212697,"upper_bound":0.33723853419024746},"point_estimate":0.33084566648023483,"standard_error":0.003325347935755072},"median":{"confidence_interval":{"confidence_level":0.95,"lower_bound":0.32500491870412396,"upper_bound":0.33978444968036303},"point_estimate":0.33209614662860565,"standard_error":0.0036996700876482723}}