{"mean":{"confidence_interval":{"confidence_level":0.95,"lower_bound":-0.01808796735488144,"upper_bound":-0.010471191351314958},"point_estimate":-0.01413237221428687,"standard_error":0.0019437254720994317},"median":{"confidence_interval":{"confidence_level":0.95,"lower_bound":-0.01697682979925541,"upper_bound":-0.009153752966937878},"point_estimate":-0.013959981219612394,"standard_error":0.0019078576139352754}}