{"mean":{"confidence_interval":{"confidence_level":0.95,"lower_bound":-0.03452102016141113,"upper_bound":-0.009538755487252661},"point_estimate":-0.021826839970595646,"standard_error":0.006398565341150539},"median":{"confidence_interval":{"confidence_level":0.95,"lower_bound":-0.033054235499459295,"upper_bound":-0.020763219678498035},"point_estimate":-0.02606362177266386,"standard_error":0.0031381902344276144}}