{"mean":{"confidence_interval":{"confidence_level":0.95,"lower_bound":-0.10838565996781672,"upper_bound":-0.10073136350284011},"point_estimate":-0.1045350728286335,"standard_error":0.0019581490646670653},"median":{"confidence_interval":{"confidence_level":0.95,"lower_bound":-0.10441386417651591,"upper_bound":-0.09730860076369661},"point_estimate":-0.10075506648764043,"standard_error":0.001832598788479472}}