{"mean":{"confidence_interval":{"confidence_level":0.95,"lower_bound":-0.0021760417997401856,"upper_bound":0.006526680748119545},"point_estimate":0.0023317959223096985,"standard_error":0.0022048133018466357},"median":{"confidence_interval":{"confidence_level":0.95,"lower_bound":-0.0001775570916701108,"upper_bound":0.008302382390089402},"point_estimate":0.004654028780646691,"standard_error":0.0022560920620844707}}