{"mean":{"confidence_interval":{"confidence_level":0.95,"lower_bound":0.2070027706603474,"upper_bound":0.2132607262821233},"point_estimate":0.2101265077506682,"standard_error":0.0015966927307811112},"median":{"confidence_interval":{"confidence_level":0.95,"lower_bound":0.20868474468858245,"upper_bound":0.21233911118784676},"point_estimate":0.21071356535719987,"standard_error":0.0009609063941077652}}