{"mean":{"confidence_interval":{"confidence_level":0.95,"lower_bound":-0.020161031257549897,"upper_bound":-0.014453946466084774},"point_estimate":-0.01711804436522857,"standard_error":0.0014525803846332259},"median":{"confidence_interval":{"confidence_level":0.95,"lower_bound":-0.018253700208812,"upper_bound":-0.015961345578006103},"point_estimate":-0.016972586518519073,"standard_error":0.0005619517199183069}}