{"mean":{"confidence_interval":{"confidence_level":0.95,"lower_bound":-0.00663534641667208,"upper_bound":-0.00336103382944159},"point_estimate":-0.00473570744711771,"standard_error":0.0008487439065477645},"median":{"confidence_interval":{"confidence_level":0.95,"lower_bound":-0.0037620066635958294,"upper_bound":-0.0027126618116337653},"point_estimate":-0.003227050245480423,"standard_error":0.0003011294915509687}}