{"mean":{"confidence_interval":{"confidence_level":0.95,"lower_bound":-0.009809686671381062,"upper_bound":0.003955484992374586},"point_estimate":-0.0032309054723624886,"standard_error":0.003502410122792261},"median":{"confidence_interval":{"confidence_level":0.95,"lower_bound":-0.004642501703396189,"upper_bound":0.002717068248598853},"point_estimate":-0.0008733267210819795,"standard_error":0.0017422925690407432}}