{"mean":{"confidence_interval":{"confidence_level":0.95,"lower_bound":-0.0036790523519137975,"upper_bound":0.005671349877332342},"point_estimate":0.000976152779166739,"standard_error":0.00238338551060481},"median":{"confidence_interval":{"confidence_level":0.95,"lower_bound":-0.007320911493136739,"upper_bound":-0.0002485404692981197},"point_estimate":-0.00442688674153735,"standard_error":0.00188322981525356}}