{"mean":{"confidence_interval":{"confidence_level":0.95,"lower_bound":3546194.5833333335,"upper_bound":3551822.0733333332},"point_estimate":3548973.5999999987,"standard_error":1437.3707127800164},"median":{"confidence_interval":{"confidence_level":0.95,"lower_bound":3541840.0,"upper_bound":3552246.6666666665},"point_estimate":3545573.3333333335,"standard_error":2582.853492120579},"median_abs_dev":{"confidence_interval":{"confidence_level":0.95,"lower_bound":11045.369803905487,"upper_bound":18334.819674491653},"point_estimate":14366.393744945526,"standard_error":1854.560172537947},"slope":null,"std_dev":{"confidence_interval":{"confidence_level":0.95,"lower_bound":12558.29051081181,"upper_bound":16068.125556728384},"point_estimate":14444.141905767177,"standard_error":892.9155287786374}}