{"mean":{"confidence_interval":{"confidence_level":0.95,"lower_bound":3275885.28428125,"upper_bound":3284568.585296875},"point_estimate":3279997.175,"standard_error":2219.0302557097834},"median":{"confidence_interval":{"confidence_level":0.95,"lower_bound":3270829.6875,"upper_bound":3283933.375},"point_estimate":3277194.3125,"standard_error":3589.26661675809},"median_abs_dev":{"confidence_interval":{"confidence_level":0.95,"lower_bound":14833.459067903459,"upper_bound":21949.568291567266},"point_estimate":18165.463514998555,"standard_error":1783.0431582821066},"slope":null,"std_dev":{"confidence_interval":{"confidence_level":0.95,"lower_bound":15302.50949230008,"upper_bound":29058.426534823164},"point_estimate":22314.08789686892,"standard_error":3558.0595079697587}}