{"mean":{"confidence_interval":{"confidence_level":0.95,"lower_bound":-0.17633677006335738,"upper_bound":-0.1606169196984767},"point_estimate":-0.168218247136514,"standard_error":0.004026732802710802},"median":{"confidence_interval":{"confidence_level":0.95,"lower_bound":-0.17796435116828035,"upper_bound":-0.16064093268379265},"point_estimate":-0.16826295752038012,"standard_error":0.004832518290807864}}