{"mean":{"confidence_interval":{"confidence_level":0.95,"lower_bound":-0.6254344023164259,"upper_bound":-0.6214431382854231},"point_estimate":-0.6232492528251741,"standard_error":0.001009778246937204},"median":{"confidence_interval":{"confidence_level":0.95,"lower_bound":-0.6251383718301706,"upper_bound":-0.6239013552376493},"point_estimate":-0.6245007113775324,"standard_error":0.00033359541124296146}}