{"mean":{"confidence_interval":{"confidence_level":0.95,"lower_bound":0.00650869060161507,"upper_bound":0.03326796325714888},"point_estimate":0.020145097335657614,"standard_error":0.006788652391998596},"median":{"confidence_interval":{"confidence_level":0.95,"lower_bound":0.013568750017905685,"upper_bound":0.020294875356996256},"point_estimate":0.01605526192478135,"standard_error":0.0017402194858763616}}