{"mean":{"confidence_interval":{"confidence_level":0.95,"lower_bound":0.46264087933604503,"upper_bound":0.4762086117585996},"point_estimate":0.4702745097974772,"standard_error":0.0034947466974741544},"median":{"confidence_interval":{"confidence_level":0.95,"lower_bound":0.4688739321477755,"upper_bound":0.4700624785847456},"point_estimate":0.46941476594690723,"standard_error":0.00029478907681518816}}