{"mean":{"confidence_interval":{"confidence_level":0.95,"lower_bound":-0.32967901752608475,"upper_bound":-0.3233288558112249},"point_estimate":-0.3267812241752911,"standard_error":0.0016070140728042896},"median":{"confidence_interval":{"confidence_level":0.95,"lower_bound":-0.3261628350022363,"upper_bound":-0.32561773944542416},"point_estimate":-0.32592294752512585,"standard_error":0.00013221236286462535}}