{"mean":{"confidence_interval":{"confidence_level":0.95,"lower_bound":26518.8237052924,"upper_bound":26684.49382737109},"point_estimate":26599.067712623022,"standard_error":42.1928475190123},"median":{"confidence_interval":{"confidence_level":0.95,"lower_bound":26479.341683924875,"upper_bound":26648.94781445138},"point_estimate":26538.463432017546,"standard_error":49.44634895617778},"median_abs_dev":{"confidence_interval":{"confidence_level":0.95,"lower_bound":274.6537272361622,"upper_bound":503.8556298210467},"point_estimate":410.448928362745,"standard_error":60.06616678976814},"slope":{"confidence_interval":{"confidence_level":0.95,"lower_bound":26500.394318441642,"upper_bound":26647.212361667098},"point_estimate":26572.63047599418,"standard_error":37.46691168241745},"std_dev":{"confidence_interval":{"confidence_level":0.95,"lower_bound":336.0387777121156,"upper_bound":517.9403109860189},"point_estimate":423.51270961214715,"standard_error":47.38990432481567}}