{"mean":{"confidence_interval":{"confidence_level":0.95,"lower_bound":4613838.163636363,"upper_bound":4645802.913636362},"point_estimate":4629498.272727272,"standard_error":8146.44339000213},"median":{"confidence_interval":{"confidence_level":0.95,"lower_bound":4595400.0,"upper_bound":4620381.818181818},"point_estimate":4609022.7272727275,"standard_error":6964.821791987767},"median_abs_dev":{"confidence_interval":{"confidence_level":0.95,"lower_bound":36714.56662091392,"upper_bound":74365.86686156},"point_estimate":52463.82179585389,"standard_error":9696.886519068465},"slope":null,"std_dev":{"confidence_interval":{"confidence_level":0.95,"lower_bound":68106.18531974698,"upper_bound":93833.9042853552},"point_estimate":81853.11154907085,"standard_error":6579.93738455434}}