{"mean":{"confidence_interval":{"confidence_level":0.95,"lower_bound":0.02211291920073208,"upper_bound":0.028786090381550986},"point_estimate":0.026018200181262774,"standard_error":0.0017381879309651261},"median":{"confidence_interval":{"confidence_level":0.95,"lower_bound":0.02540109241083166,"upper_bound":0.028539450126720878},"point_estimate":0.026789082858927227,"standard_error":0.0008737791604107766}}