{"mean":{"confidence_interval":{"confidence_level":0.95,"lower_bound":0.011816445390474401,"upper_bound":0.015267350464293693},"point_estimate":0.013498803922749714,"standard_error":0.0008826982772009738},"median":{"confidence_interval":{"confidence_level":0.95,"lower_bound":0.012276628018388637,"upper_bound":0.0152966347642014},"point_estimate":0.013798796354371756,"standard_error":0.0007462061160069383}}