{"mean":{"confidence_interval":{"confidence_level":0.95,"lower_bound":0.13381058781858696,"upper_bound":0.16779432052309173},"point_estimate":0.14985214774957334,"standard_error":0.008689330270860236},"median":{"confidence_interval":{"confidence_level":0.95,"lower_bound":0.11799846655400525,"upper_bound":0.13809684763790808},"point_estimate":0.12917840756550203,"standard_error":0.0048237932790194775}}