{"mean":{"confidence_interval":{"confidence_level":0.95,"lower_bound":-0.17252523401226133,"upper_bound":-0.1705561671253536},"point_estimate":-0.17150281894280728,"standard_error":0.0005036418380079378},"median":{"confidence_interval":{"confidence_level":0.95,"lower_bound":-0.17191330266852278,"upper_bound":-0.1699103458122218},"point_estimate":-0.17082849898942665,"standard_error":0.0004963788737247775}}