{"mean":{"confidence_interval":{"confidence_level":0.95,"lower_bound":0.0007600667622503722,"upper_bound":0.003094124364758721},"point_estimate":0.001955610587334844,"standard_error":0.0005936893432172195},"median":{"confidence_interval":{"confidence_level":0.95,"lower_bound":0.002936848255948643,"upper_bound":0.003890091470558632},"point_estimate":0.003485971325946302,"standard_error":0.00026012209348726936}}