{"mean":{"confidence_interval":{"confidence_level":0.95,"lower_bound":882038.0788787339,"upper_bound":911484.2777065361},"point_estimate":896054.1468934868,"standard_error":7522.259815135143},"median":{"confidence_interval":{"confidence_level":0.95,"lower_bound":864434.5102428435,"upper_bound":868727.8130170987},"point_estimate":866613.28125,"standard_error":1168.6595126253906},"median_abs_dev":{"confidence_interval":{"confidence_level":0.95,"lower_bound":6404.933516728781,"upper_bound":13159.551928846193},"point_estimate":8787.200808052334,"standard_error":1661.8805946595353},"slope":{"confidence_interval":{"confidence_level":0.95,"lower_bound":872305.526053394,"upper_bound":885111.2704075143},"point_estimate":877921.0400472883,"standard_error":3264.6423201547354},"std_dev":{"confidence_interval":{"confidence_level":0.95,"lower_bound":55757.171205865154,"upper_bound":89935.68597817331},"point_estimate":75342.90812557058,"standard_error":8708.710371581616}}