{"mean":{"confidence_interval":{"confidence_level":0.95,"lower_bound":4038824.1917499993,"upper_bound":4113405.509634616},"point_estimate":4074021.7230769233,"standard_error":19073.254324022833},"median":{"confidence_interval":{"confidence_level":0.95,"lower_bound":3986856.230769231,"upper_bound":4024518.923076923},"point_estimate":4004886.3846153845,"standard_error":9783.918696215605},"median_abs_dev":{"confidence_interval":{"confidence_level":0.95,"lower_bound":56365.25770700943,"upper_bound":106164.94260461855},"point_estimate":83245.70759901628,"standard_error":12253.667669746024},"slope":null,"std_dev":{"confidence_interval":{"confidence_level":0.95,"lower_bound":136459.5524903139,"upper_bound":238025.20542145107},"point_estimate":191901.2450669526,"standard_error":25911.807592678608}}