{"mean":{"confidence_interval":{"confidence_level":0.95,"lower_bound":7852978.849999998,"upper_bound":7880880.985714288},"point_estimate":7863751.142857144,"standard_error":7468.981744971249},"median":{"confidence_interval":{"confidence_level":0.95,"lower_bound":7846428.571428572,"upper_bound":7849114.285714285},"point_estimate":7847878.571428571,"standard_error":674.48962169372},"median_abs_dev":{"confidence_interval":{"confidence_level":0.95,"lower_bound":4818.4499144547235,"upper_bound":8895.599842071533},"point_estimate":6586.9798830579275,"standard_error":1005.572768410693},"slope":null,"std_dev":{"confidence_interval":{"confidence_level":0.95,"lower_bound":17750.056178514464,"upper_bound":124677.46342744156},"point_estimate":75299.81862345229,"standard_error":34496.96520104101}}