{"mean":{"confidence_interval":{"confidence_level":0.95,"lower_bound":3204209.0255781254,"upper_bound":3214830.0969531247},"point_estimate":3209434.155625,"standard_error":2717.5082050854962},"median":{"confidence_interval":{"confidence_level":0.95,"lower_bound":3201562.5625,"upper_bound":3209223.875},"point_estimate":3206402.625,"standard_error":2091.887568927912},"median_abs_dev":{"confidence_interval":{"confidence_level":0.95,"lower_bound":16906.45814985037,"upper_bound":30379.446416907012},"point_estimate":22636.753379367292,"standard_error":3375.959350287212},"slope":null,"std_dev":{"confidence_interval":{"confidence_level":0.95,"lower_bound":22942.764227312982,"upper_bound":31149.05128570375},"point_estimate":27284.796790479606,"standard_error":2099.513939320606}}