{"mean":{"confidence_interval":{"confidence_level":0.95,"lower_bound":1044737.9223605467,"upper_bound":1061435.0398162012},"point_estimate":1052778.9621526892,"standard_error":4276.702714087396},"median":{"confidence_interval":{"confidence_level":0.95,"lower_bound":1032829.0645161291,"upper_bound":1053005.1},"point_estimate":1041945.2585858586,"standard_error":4795.494482967623},"median_abs_dev":{"confidence_interval":{"confidence_level":0.95,"lower_bound":24259.811418051995,"upper_bound":40386.07880694171},"point_estimate":32345.949899247986,"standard_error":4047.081295009206},"slope":{"confidence_interval":{"confidence_level":0.95,"lower_bound":1036807.6391933009,"upper_bound":1054815.9535131038},"point_estimate":1045210.636654352,"standard_error":4614.844431425637},"std_dev":{"confidence_interval":{"confidence_level":0.95,"lower_bound":33563.762096600054,"upper_bound":51598.999606617275},"point_estimate":42854.64948113968,"standard_error":4625.981893761844}}