{"mean":{"confidence_interval":{"confidence_level":0.95,"lower_bound":-0.0035671730310574347,"upper_bound":0.012678147216479781},"point_estimate":0.004779114510933269,"standard_error":0.004126318338952678},"median":{"confidence_interval":{"confidence_level":0.95,"lower_bound":-0.004535327922302268,"upper_bound":0.006382732383770406},"point_estimate":0.0006919769789870411,"standard_error":0.0027246767457653315}}