{"mean":{"confidence_interval":{"confidence_level":0.95,"lower_bound":0.4744687058532079,"upper_bound":0.6184241654414392},"point_estimate":0.5441385679766431,"standard_error":0.0363425998370767},"median":{"confidence_interval":{"confidence_level":0.95,"lower_bound":0.3293161799484001,"upper_bound":0.5056017396802106},"point_estimate":0.41926885470899,"standard_error":0.05101269334822709}}