{"mean":{"confidence_interval":{"confidence_level":0.95,"lower_bound":-0.11561089776921667,"upper_bound":-0.04890222783462849},"point_estimate":-0.08362603417499603,"standard_error":0.017229938657134045},"median":{"confidence_interval":{"confidence_level":0.95,"lower_bound":-0.14790304826250367,"upper_bound":-0.08648438311488094},"point_estimate":-0.12610014487686194,"standard_error":0.015866573661112965}}