{"mean":{"confidence_interval":{"confidence_level":0.95,"lower_bound":-0.09633872747960079,"upper_bound":-0.0823529922339547},"point_estimate":-0.08924211832459628,"standard_error":0.003558727246303752},"median":{"confidence_interval":{"confidence_level":0.95,"lower_bound":-0.0925416780464324,"upper_bound":-0.07922858454593518},"point_estimate":-0.08743401975362441,"standard_error":0.0035647768373420234}}