{"mean":{"confidence_interval":{"confidence_level":0.95,"lower_bound":0.07371527004630044,"upper_bound":0.16052162155276023},"point_estimate":0.11561883189602273,"standard_error":0.02218458051235748},"median":{"confidence_interval":{"confidence_level":0.95,"lower_bound":0.07732470240000433,"upper_bound":0.23319973062207278},"point_estimate":0.18134421242976084,"standard_error":0.044945297124422995}}