{"mean":{"confidence_interval":{"confidence_level":0.95,"lower_bound":-0.03808818463259254,"upper_bound":0.03002545652235191},"point_estimate":-0.004393885268652364,"standard_error":0.017408304230571738},"median":{"confidence_interval":{"confidence_level":0.95,"lower_bound":-0.03143481518700601,"upper_bound":0.0009160686730620426},"point_estimate":-0.015063036634800797,"standard_error":0.008600782339381325}}