{"mean":{"confidence_interval":{"confidence_level":0.95,"lower_bound":-0.787841039341596,"upper_bound":-0.7603737974199577},"point_estimate":-0.7732992076921378,"standard_error":0.0070543062635339175},"median":{"confidence_interval":{"confidence_level":0.95,"lower_bound":-0.7586717034748099,"upper_bound":-0.7546209906820041},"point_estimate":-0.7568948786152028,"standard_error":0.0011048909011801716}}