{"mean":{"confidence_interval":{"confidence_level":0.95,"lower_bound":-0.35821097570875204,"upper_bound":-0.3529042025886397},"point_estimate":-0.35555292591367205,"standard_error":0.0013569833843467532},"median":{"confidence_interval":{"confidence_level":0.95,"lower_bound":-0.3603848760042405,"upper_bound":-0.3542009905257028},"point_estimate":-0.3565228290277801,"standard_error":0.0016152961612555747}}