{"mean":{"confidence_interval":{"confidence_level":0.95,"lower_bound":0.2006683374718563,"upper_bound":0.2231685152883237},"point_estimate":0.2118819259887028,"standard_error":0.005759143002693064},"median":{"confidence_interval":{"confidence_level":0.95,"lower_bound":0.19677871385207668,"upper_bound":0.2136324653333166},"point_estimate":0.2025563462477833,"standard_error":0.004334392541818389}}