{"mean":{"confidence_interval":{"confidence_level":0.95,"lower_bound":-0.021378337025865824,"upper_bound":-0.013987244805277167},"point_estimate":-0.018013384084577977,"standard_error":0.0018958926207063235},"median":{"confidence_interval":{"confidence_level":0.95,"lower_bound":-0.025694898524725174,"upper_bound":-0.020082652656963795},"point_estimate":-0.023350097650065904,"standard_error":0.0014285179963900497}}