{"mean":{"confidence_interval":{"confidence_level":0.95,"lower_bound":-0.13472745310536974,"upper_bound":-0.13052195733797956},"point_estimate":-0.132546731482178,"standard_error":0.0010737016502336354},"median":{"confidence_interval":{"confidence_level":0.95,"lower_bound":-0.13256108943001121,"upper_bound":-0.1269527103819158},"point_estimate":-0.1286800105573217,"standard_error":0.0012485362894294947}}