{"mean":{"confidence_interval":{"confidence_level":0.95,"lower_bound":-0.03403716493751165,"upper_bound":-0.026096029051374668},"point_estimate":-0.029853252935696073,"standard_error":0.002031278322275003},"median":{"confidence_interval":{"confidence_level":0.95,"lower_bound":-0.03401213909787726,"upper_bound":-0.027819658860001928},"point_estimate":-0.03131411347858437,"standard_error":0.0015074868684138547}}