{"mean":{"confidence_interval":{"confidence_level":0.95,"lower_bound":0.020837682626390075,"upper_bound":0.02745248088752873},"point_estimate":0.023996998474313358,"standard_error":0.0016690740764879171},"median":{"confidence_interval":{"confidence_level":0.95,"lower_bound":0.02012658848720794,"upper_bound":0.026171380921894638},"point_estimate":0.02401721372550747,"standard_error":0.0016389165292125597}}