{"mean":{"confidence_interval":{"confidence_level":0.95,"lower_bound":-0.46324831660794025,"upper_bound":-0.45544796277266864},"point_estimate":-0.45938919598759353,"standard_error":0.0019866581423355176},"median":{"confidence_interval":{"confidence_level":0.95,"lower_bound":-0.4574163807247459,"upper_bound":-0.4551476729730771},"point_estimate":-0.45606836364860803,"standard_error":0.0005933506538555077}}