{"mean":{"confidence_interval":{"confidence_level":0.95,"lower_bound":-0.06894321533681581,"upper_bound":-0.057271465277541074},"point_estimate":-0.06278735975027383,"standard_error":0.002978861952691701},"median":{"confidence_interval":{"confidence_level":0.95,"lower_bound":-0.05825444734822216,"upper_bound":-0.05521645692886046},"point_estimate":-0.05661882728453027,"standard_error":0.0008146730578488374}}