{"mean":{"confidence_interval":{"confidence_level":0.95,"lower_bound":-0.00685625999121501,"upper_bound":0.006114239653759001},"point_estimate":-0.0016698683949736282,"standard_error":0.003192181664169706},"median":{"confidence_interval":{"confidence_level":0.95,"lower_bound":-0.012064274472887049,"upper_bound":-0.007961959591460843},"point_estimate":-0.009996021484376394,"standard_error":0.0010699725472107864}}