{"mean":{"confidence_interval":{"confidence_level":0.95,"lower_bound":925358.0547874891,"upper_bound":941957.7359415275},"point_estimate":932712.3126495887,"standard_error":4248.102654677953},"median":{"confidence_interval":{"confidence_level":0.95,"lower_bound":917281.3333333334,"upper_bound":932468.6606060606},"point_estimate":925478.9006097561,"standard_error":4202.963097675782},"median_abs_dev":{"confidence_interval":{"confidence_level":0.95,"lower_bound":19798.04897408254,"upper_bound":33791.89454836943},"point_estimate":27951.26030699175,"standard_error":3599.8783006605645},"slope":{"confidence_interval":{"confidence_level":0.95,"lower_bound":914964.7026903521,"upper_bound":923447.8350611171},"point_estimate":918951.111968376,"standard_error":2163.091947650805},"std_dev":{"confidence_interval":{"confidence_level":0.95,"lower_bound":23383.546376792492,"upper_bound":64132.34798370211},"point_estimate":42975.33942545538,"standard_error":12371.862501688645}}