{"mean":{"confidence_interval":{"confidence_level":0.95,"lower_bound":547463.7158133672,"upper_bound":548627.2790789892},"point_estimate":548033.5309636175,"standard_error":296.8911324161692},"median":{"confidence_interval":{"confidence_level":0.95,"lower_bound":547015.3846153846,"upper_bound":548283.3333333334},"point_estimate":547541.6970998927,"standard_error":320.96952768407135},"median_abs_dev":{"confidence_interval":{"confidence_level":0.95,"lower_bound":1777.8326029811196,"upper_bound":3346.6605655849266},"point_estimate":2483.9786458044296,"standard_error":399.54352335714344},"slope":{"confidence_interval":{"confidence_level":0.95,"lower_bound":547136.4588462317,"upper_bound":548230.1987856462},"point_estimate":547672.5556376533,"standard_error":279.2816673100325},"std_dev":{"confidence_interval":{"confidence_level":0.95,"lower_bound":2401.5784381645904,"upper_bound":3566.0366064997597},"point_estimate":2991.1776164817948,"standard_error":298.8242877589436}}