{"mean":{"confidence_interval":{"confidence_level":0.95,"lower_bound":-0.0012657011564511625,"upper_bound":0.0073135189224793375},"point_estimate":0.003078364136540168,"standard_error":0.002210783045896331},"median":{"confidence_interval":{"confidence_level":0.95,"lower_bound":-0.0013207609056279108,"upper_bound":0.006118138025193787},"point_estimate":0.002563793267101211,"standard_error":0.0019100780820270032}}