{"mean":{"confidence_interval":{"confidence_level":0.95,"lower_bound":-0.007468729083916668,"upper_bound":0.0505122002546991},"point_estimate":0.01974974404856833,"standard_error":0.014979186133014577},"median":{"confidence_interval":{"confidence_level":0.95,"lower_bound":-0.005168050354900866,"upper_bound":0.018340923622000682},"point_estimate":0.005871285301384255,"standard_error":0.005768208483435272}}