{"mean":{"confidence_interval":{"confidence_level":0.95,"lower_bound":0.028999182330065622,"upper_bound":0.08454813629563852},"point_estimate":0.060059759235371546,"standard_error":0.014385753817741096},"median":{"confidence_interval":{"confidence_level":0.95,"lower_bound":0.0736209662600315,"upper_bound":0.08919028274970242},"point_estimate":0.07944144529425001,"standard_error":0.004042439225966922}}