{"mean":{"confidence_interval":{"confidence_level":0.95,"lower_bound":0.1573507127177145,"upper_bound":0.19538626203603898},"point_estimate":0.17834888786855285,"standard_error":0.00976774541623351},"median":{"confidence_interval":{"confidence_level":0.95,"lower_bound":0.17930416565818758,"upper_bound":0.19403568816453354},"point_estimate":0.18768096216066232,"standard_error":0.0037018934780739597}}