{"mean":{"confidence_interval":{"confidence_level":0.95,"lower_bound":-0.09566954454356474,"upper_bound":-0.036840526083746244},"point_estimate":-0.0647408328620036,"standard_error":0.015100510819202391},"median":{"confidence_interval":{"confidence_level":0.95,"lower_bound":-0.02945789795157946,"upper_bound":-0.000289734878000103},"point_estimate":-0.01629924115587522,"standard_error":0.007289003095554727}}