{"mean":{"confidence_interval":{"confidence_level":0.95,"lower_bound":0.061111113634911486,"upper_bound":0.15225925193493395},"point_estimate":0.10106379292482459,"standard_error":0.022918515553962},"median":{"confidence_interval":{"confidence_level":0.95,"lower_bound":0.07548579105362951,"upper_bound":0.09899709660719669},"point_estimate":0.08626860333412756,"standard_error":0.00677206549035335}}