{"mean":{"confidence_interval":{"confidence_level":0.95,"lower_bound":-0.10898974923946379,"upper_bound":-0.09675116617053174},"point_estimate":-0.10287006848646207,"standard_error":0.00312222208658037},"median":{"confidence_interval":{"confidence_level":0.95,"lower_bound":-0.1096805662112521,"upper_bound":-0.09642852797465806},"point_estimate":-0.10244342062014378,"standard_error":0.0031862297732583155}}