{"mean":{"confidence_interval":{"confidence_level":0.95,"lower_bound":-0.05722339667837531,"upper_bound":-0.003913724744285832},"point_estimate":-0.028212096956661492,"standard_error":0.013703241545822671},"median":{"confidence_interval":{"confidence_level":0.95,"lower_bound":-0.019487789285633772,"upper_bound":0.0019818161852980243},"point_estimate":-0.013724845679223607,"standard_error":0.005829382019328781}}