{"mean":{"confidence_interval":{"confidence_level":0.95,"lower_bound":93367.90022414303,"upper_bound":93902.5642006029},"point_estimate":93626.3892190039,"standard_error":136.62234944031},"median":{"confidence_interval":{"confidence_level":0.95,"lower_bound":93124.33116883117,"upper_bound":93754.72867112761},"point_estimate":93498.45804195805,"standard_error":179.50092074594951},"median_abs_dev":{"confidence_interval":{"confidence_level":0.95,"lower_bound":887.3957205843006,"upper_bound":1399.602486115209},"point_estimate":1224.9982496458722,"standard_error":138.9804323464468},"slope":{"confidence_interval":{"confidence_level":0.95,"lower_bound":93299.73163902822,"upper_bound":93760.83399615702},"point_estimate":93525.21009524833,"standard_error":117.57929599420656},"std_dev":{"confidence_interval":{"confidence_level":0.95,"lower_bound":1013.0181574721502,"upper_bound":1733.8086218241267},"point_estimate":1369.978464779276,"standard_error":186.56713994811352}}