{"mean":{"confidence_interval":{"confidence_level":0.95,"lower_bound":-0.1838286965289953,"upper_bound":-0.17659982105084332},"point_estimate":-0.18021662226487456,"standard_error":0.0018544228482642166},"median":{"confidence_interval":{"confidence_level":0.95,"lower_bound":-0.183949402375851,"upper_bound":-0.17742406855220244},"point_estimate":-0.18146644786062682,"standard_error":0.0017649112879802443}}