{"mean":{"confidence_interval":{"confidence_level":0.95,"lower_bound":0.18108247170442718,"upper_bound":0.20069659013779997},"point_estimate":0.1906215231082895,"standard_error":0.004992473232674105},"median":{"confidence_interval":{"confidence_level":0.95,"lower_bound":0.17703038178489655,"upper_bound":0.19271080642776695},"point_estimate":0.18578659552361576,"standard_error":0.004009418184096627}}