{"mean":{"confidence_interval":{"confidence_level":0.95,"lower_bound":-0.18574980803972604,"upper_bound":-0.18411638103627104},"point_estimate":-0.1848318343473495,"standard_error":0.00041843301239214613},"median":{"confidence_interval":{"confidence_level":0.95,"lower_bound":-0.18460616450191092,"upper_bound":-0.18388613080000812},"point_estimate":-0.18428818444937034,"standard_error":0.00018299356744930307}}