{"mean":{"confidence_interval":{"confidence_level":0.95,"lower_bound":0.571616709692147,"upper_bound":0.5773074058400793},"point_estimate":0.5742926215034563,"standard_error":0.0014389786391821402},"median":{"confidence_interval":{"confidence_level":0.95,"lower_bound":0.5693406756246236,"upper_bound":0.5734351105640918},"point_estimate":0.5719235942588439,"standard_error":0.0010454192610384184}}