{"mean":{"confidence_interval":{"confidence_level":0.95,"lower_bound":0.22526215239310754,"upper_bound":0.2267647279200099},"point_estimate":0.22600687569505196,"standard_error":0.00038914920885477824},"median":{"confidence_interval":{"confidence_level":0.95,"lower_bound":0.22486923820292604,"upper_bound":0.22632904364121875},"point_estimate":0.22573968793421884,"standard_error":0.0003590875499369085}}