{"mean":{"confidence_interval":{"confidence_level":0.95,"lower_bound":0.02950180451293262,"upper_bound":0.03876943760855571},"point_estimate":0.03445809095205732,"standard_error":0.0023809360186471413},"median":{"confidence_interval":{"confidence_level":0.95,"lower_bound":0.028755880095729047,"upper_bound":0.03782136549679205},"point_estimate":0.03286348396440619,"standard_error":0.002289496148056164}}