{"mean":{"confidence_interval":{"confidence_level":0.95,"lower_bound":0.002790206021818093,"upper_bound":0.011021433390473736},"point_estimate":0.0065659906876545104,"standard_error":0.002110927631542969},"median":{"confidence_interval":{"confidence_level":0.95,"lower_bound":0.0006783708682440714,"upper_bound":0.006696325460094021},"point_estimate":0.003132113618043997,"standard_error":0.0015907418202926141}}