{"mean":{"confidence_interval":{"confidence_level":0.95,"lower_bound":-0.03609618115269036,"upper_bound":-0.02224764717944253},"point_estimate":-0.028909917159887888,"standard_error":0.0035523303070103054},"median":{"confidence_interval":{"confidence_level":0.95,"lower_bound":-0.02941676302480211,"upper_bound":-0.018562318180605497},"point_estimate":-0.02310864350788666,"standard_error":0.0027595005105623773}}