{"mean":{"confidence_interval":{"confidence_level":0.95,"lower_bound":1756327.0039016933,"upper_bound":1784376.4468405177},"point_estimate":1769894.8750146541,"standard_error":7135.769613927223},"median":{"confidence_interval":{"confidence_level":0.95,"lower_bound":1750800.542237443,"upper_bound":1767668.3854166665},"point_estimate":1759679.1488405797,"standard_error":4648.15698460739},"median_abs_dev":{"confidence_interval":{"confidence_level":0.95,"lower_bound":31209.225370452226,"upper_bound":49065.634792339115},"point_estimate":39789.76411890011,"standard_error":4492.722387050394},"slope":{"confidence_interval":{"confidence_level":0.95,"lower_bound":1762103.5029966892,"upper_bound":1791354.4285552243},"point_estimate":1775433.959066056,"standard_error":7547.276448923728},"std_dev":{"confidence_interval":{"confidence_level":0.95,"lower_bound":54685.3766303504,"upper_bound":87216.97778124409},"point_estimate":71815.57741590953,"standard_error":8322.660750807701}}