{"mean":{"confidence_interval":{"confidence_level":0.95,"lower_bound":2311044.3107142863,"upper_bound":2325643.8821428586},"point_estimate":2318136.190476191,"standard_error":3748.6592590444798},"median":{"confidence_interval":{"confidence_level":0.95,"lower_bound":2302204.761904762,"upper_bound":2318290.476190476},"point_estimate":2313280.9523809524,"standard_error":4579.085885217893},"median_abs_dev":{"confidence_interval":{"confidence_level":0.95,"lower_bound":26771.519524711013,"upper_bound":45018.0892007691},"point_estimate":36058.949359825776,"standard_error":4704.127002896775},"slope":null,"std_dev":{"confidence_interval":{"confidence_level":0.95,"lower_bound":31083.791850057685,"upper_bound":43821.40698642825},"point_estimate":37703.54815176924,"standard_error":3271.3319694824763}}