{"mean":{"confidence_interval":{"confidence_level":0.95,"lower_bound":-0.012520717232760811,"upper_bound":-0.010588954740271718},"point_estimate":-0.0117609736410339,"standard_error":0.0004938378904824116},"median":{"confidence_interval":{"confidence_level":0.95,"lower_bound":-0.012445615965894774,"upper_bound":-0.011608707780530136},"point_estimate":-0.012006998505042277,"standard_error":0.00020808211522124303}}