{"mean":{"confidence_interval":{"confidence_level":0.95,"lower_bound":-0.17793468207298566,"upper_bound":-0.16550425379348366},"point_estimate":-0.1716481351198227,"standard_error":0.0031693891172811994},"median":{"confidence_interval":{"confidence_level":0.95,"lower_bound":-0.1802267233067122,"upper_bound":-0.17085294833196407},"point_estimate":-0.17684325936288725,"standard_error":0.0024307918342787965}}