{"mean":{"confidence_interval":{"confidence_level":0.95,"lower_bound":0.004890384885913646,"upper_bound":0.024641983265099348},"point_estimate":0.013907479267208256,"standard_error":0.005117771770840403},"median":{"confidence_interval":{"confidence_level":0.95,"lower_bound":-0.003475383356845718,"upper_bound":0.013201707392907039},"point_estimate":0.004511960682420879,"standard_error":0.0036818151956819053}}