{"mean":{"confidence_interval":{"confidence_level":0.95,"lower_bound":-0.012552885143491732,"upper_bound":0.006988444228009782},"point_estimate":-0.0023728454455194115,"standard_error":0.004990921884287454},"median":{"confidence_interval":{"confidence_level":0.95,"lower_bound":-0.011762825760557871,"upper_bound":0.010370951443873677},"point_estimate":-0.0017427685104103308,"standard_error":0.005973428961373023}}