{"mean":{"confidence_interval":{"confidence_level":0.95,"lower_bound":-0.002167925607684884,"upper_bound":0.0045743841341899785},"point_estimate":0.0010899281511558279,"standard_error":0.0017171119393532507},"median":{"confidence_interval":{"confidence_level":0.95,"lower_bound":-0.003066365498050727,"upper_bound":0.0034364811077745028},"point_estimate":-0.0006230954651934573,"standard_error":0.001695661210364764}}