{"mean":{"confidence_interval":{"confidence_level":0.95,"lower_bound":0.012883872652152467,"upper_bound":0.023645812762038514},"point_estimate":0.018125284360470895,"standard_error":0.0027772364503375925},"median":{"confidence_interval":{"confidence_level":0.95,"lower_bound":0.010191656330150733,"upper_bound":0.02688390125105622},"point_estimate":0.018393209713574388,"standard_error":0.00440222604887484}}