{"mean":{"confidence_interval":{"confidence_level":0.95,"lower_bound":-0.00925532543859603,"upper_bound":-0.006923290732461418},"point_estimate":-0.008054133758396809,"standard_error":0.0005963530166004747},"median":{"confidence_interval":{"confidence_level":0.95,"lower_bound":-0.008878185630379565,"upper_bound":-0.005151848936185721},"point_estimate":-0.006723338782555377,"standard_error":0.0010965262648923691}}