{"mean":{"confidence_interval":{"confidence_level":0.95,"lower_bound":0.06442365903093977,"upper_bound":0.06941860355482235},"point_estimate":0.06626338765005446,"standard_error":0.0013699683384816041},"median":{"confidence_interval":{"confidence_level":0.95,"lower_bound":0.06400122972687547,"upper_bound":0.06447068594838612},"point_estimate":0.06431417921498261,"standard_error":0.00012376186332375307}}