{"mean":{"confidence_interval":{"confidence_level":0.95,"lower_bound":343029.35062908626,"upper_bound":349197.4212745619},"point_estimate":346183.8087251609,"standard_error":1573.7340514842842},"median":{"confidence_interval":{"confidence_level":0.95,"lower_bound":346426.00787528127,"upper_bound":352347.5034660329},"point_estimate":350661.4206349206,"standard_error":1264.0598014156594},"median_abs_dev":{"confidence_interval":{"confidence_level":0.95,"lower_bound":8092.306455807183,"upper_bound":14463.864488052579},"point_estimate":10674.83145836514,"standard_error":1705.8797990082448},"slope":{"confidence_interval":{"confidence_level":0.95,"lower_bound":349456.852772687,"upper_bound":353708.9720692947},"point_estimate":351616.3180069947,"standard_error":1086.9278937054908},"std_dev":{"confidence_interval":{"confidence_level":0.95,"lower_bound":13175.41280069368,"upper_bound":18306.293691676623},"point_estimate":15882.720945852881,"standard_error":1312.2828603380299}}