{"mean":{"confidence_interval":{"confidence_level":0.95,"lower_bound":79.58876930923326,"upper_bound":79.76236262288484},"point_estimate":79.67790198361985,"standard_error":0.04405564730935973},"median":{"confidence_interval":{"confidence_level":0.95,"lower_bound":79.66922146026624,"upper_bound":79.73177286610122},"point_estimate":79.70821925450379,"standard_error":0.019102752360395284},"median_abs_dev":{"confidence_interval":{"confidence_level":0.95,"lower_bound":0.09668696883610466,"upper_bound":0.17379464780734005},"point_estimate":0.13688109094912598,"standard_error":0.019055172334850386},"slope":{"confidence_interval":{"confidence_level":0.95,"lower_bound":79.62648349064166,"upper_bound":79.78053985294544},"point_estimate":79.6986520196576,"standard_error":0.03918335364994162},"std_dev":{"confidence_interval":{"confidence_level":0.95,"lower_bound":0.25241120218934615,"upper_bound":0.6177842886196825},"point_estimate":0.44250398707682165,"standard_error":0.09440371298647375}}