{"mean":{"confidence_interval":{"confidence_level":0.95,"lower_bound":546479.8796071598,"upper_bound":591336.1371402398},"point_estimate":569210.3324216845,"standard_error":11514.080914495264},"median":{"confidence_interval":{"confidence_level":0.95,"lower_bound":600489.304347826,"upper_bound":646502.4208291708},"point_estimate":639588.3579411765,"standard_error":12093.440865640967},"median_abs_dev":{"confidence_interval":{"confidence_level":0.95,"lower_bound":31782.796068191114,"upper_bound":116037.69710668338},"point_estimate":57708.60746516372,"standard_error":20216.05573648704},"slope":{"confidence_interval":{"confidence_level":0.95,"lower_bound":520820.338595775,"upper_bound":580770.0329939936},"point_estimate":550905.6021619624,"standard_error":15281.523363094115},"std_dev":{"confidence_interval":{"confidence_level":0.95,"lower_bound":104707.60542689722,"upper_bound":123085.14380659116},"point_estimate":115615.62646963679,"standard_error":4683.113397914913}}