{"mean":{"confidence_interval":{"confidence_level":0.95,"lower_bound":399200.7892074647,"upper_bound":405373.4966566171},"point_estimate":402225.68731296575,"standard_error":1572.5495209584515},"median":{"confidence_interval":{"confidence_level":0.95,"lower_bound":400291.4285714286,"upper_bound":403295.4861111111},"point_estimate":401633.3333333334,"standard_error":788.0416692552451},"median_abs_dev":{"confidence_interval":{"confidence_level":0.95,"lower_bound":8275.779031076663,"upper_bound":15655.678085692538},"point_estimate":10826.160767245015,"standard_error":1954.042967336371},"slope":{"confidence_interval":{"confidence_level":0.95,"lower_bound":400635.9722327753,"upper_bound":404987.8031256843},"point_estimate":402754.90586670605,"standard_error":1113.0185735058312},"std_dev":{"confidence_interval":{"confidence_level":0.95,"lower_bound":12064.409888546903,"upper_bound":19872.340287205156},"point_estimate":15876.721690792883,"standard_error":2035.8881229396038}}