{"mean":{"confidence_interval":{"confidence_level":0.95,"lower_bound":577753.2104415866,"upper_bound":581458.1005878624},"point_estimate":579595.0282078993,"standard_error":944.6515708352262},"median":{"confidence_interval":{"confidence_level":0.95,"lower_bound":576836.2068965518,"upper_bound":581392.8571428572},"point_estimate":578330.7993730407,"standard_error":1263.1127730051246},"median_abs_dev":{"confidence_interval":{"confidence_level":0.95,"lower_bound":6615.413586970887,"upper_bound":10369.841717513431},"point_estimate":8378.387534117108,"standard_error":1023.6806899182147},"slope":{"confidence_interval":{"confidence_level":0.95,"lower_bound":578183.7922977513,"upper_bound":581477.8988543835},"point_estimate":579812.3196394267,"standard_error":840.4762203475942},"std_dev":{"confidence_interval":{"confidence_level":0.95,"lower_bound":7896.548211520414,"upper_bound":10924.209051370124},"point_estimate":9482.333612872375,"standard_error":773.811193258285}}