{"mean":{"confidence_interval":{"confidence_level":0.95,"lower_bound":179.71473092786593,"upper_bound":180.6722355077194},"point_estimate":180.12513209545415,"standard_error":0.24797886288663032},"median":{"confidence_interval":{"confidence_level":0.95,"lower_bound":179.36483795038927,"upper_bound":179.96393381343705},"point_estimate":179.68098646302627,"standard_error":0.16286297448082318},"median_abs_dev":{"confidence_interval":{"confidence_level":0.95,"lower_bound":0.6346964734639882,"upper_bound":0.9678224190331006},"point_estimate":0.8296449550373123,"standard_error":0.08138093388175925},"slope":{"confidence_interval":{"confidence_level":0.95,"lower_bound":179.49851518583492,"upper_bound":180.7672044292753},"point_estimate":179.96514718559015,"standard_error":0.34597701408505416},"std_dev":{"confidence_interval":{"confidence_level":0.95,"lower_bound":0.7822547839639553,"upper_bound":3.7595280311312003},"point_estimate":2.479341578707973,"standard_error":0.79534909802195}}